순위,선수명,팀명,POS,G,GS,IP,E,PKO,PO,A,DP,FPCT,PB,SB,CS,CS%
1,케이브,두산,우익수,132,131,1127 1/3,2,0,228,6,0,0.992,0,0,0,-
2,정수빈,두산,중견수,131,128,1077 1/3,3,0,262,4,2,0.989,0,0,0,-
3,양의지,두산,포수,94,92,726,5,2,636,49,5,0.993,6,49,17,25.8
4,김기연,두산,포수,88,48,492 1/3,4,1,402,22,4,0.991,4,47,11,19.0
5,박치국,두산,투수,73,0,62 1/3,1,0,3,10,1,0.929,0,0,0,-
5,이영하,두산,투수,73,0,66 2/3,2,3,3,17,0,0.909,0,0,0,-
7,양석환,두산,1루수,69,68,579 2/3,4,0,525,45,44,0.993,0,0,0,-
7,오명진,두산,2루수,69,55,488,7,0,127,161,38,0.976,0,0,0,-
9,이유찬,두산,유격수,67,60,541,8,0,90,161,35,0.969,0,0,0,-
10,조수행,두산,좌익수,65,11,203 1/3,0,0,54,1,0,1.000,0,0,0,-
11,김택연,두산,투수,64,0,66 1/3,2,0,0,3,0,0.600,0,0,0,-
12,강승호,두산,1루수,60,33,331,3,0,293,25,30,0.991,0,0,0,-
13,박신지,두산,투수,54,0,60,0,0,2,7,0,1.000,0,0,0,-
13,박준순,두산,3루수,54,50,445 1/3,19,0,30,95,12,0.868,0,0,0,-
15,김민석,두산,좌익수,51,36,285 1/3,2,0,62,2,1,0.970,0,0,0,-
16,김인태,두산,좌익수,47,34,261 1/3,1,0,62,1,1,0.984,0,0,0,-
16,최원준,두산,투수,47,16,107,2,3,4,12,1,0.889,0,0,0,-
18,고효준,두산,투수,45,0,21,0,0,0,3,0,1.000,0,0,0,-
19,최지강,두산,투수,39,0,32 2/3,1,0,0,6,0,0.857,0,0,0,-
20,박준영,두산,유격수,38,34,287,8,0,54,75,20,0.942,0,0,0,-
21,김재환,두산,좌익수,37,35,256 1/3,0,0,56,1,1,1.000,0,0,0,-
22,김민석,두산,1루수,35,24,206 1/3,4,0,214,10,20,0.982,0,0,0,-
23,강승호,두산,2루수,34,29,253 1/3,1,0,71,75,17,0.993,0,0,0,-
24,임종성,두산,3루수,32,26,212,2,0,22,33,3,0.965,0,0,0,-
25,조수행,두산,중견수,31,8,114 1/3,1,0,40,1,1,0.976,0,0,0,-
26,강승호,두산,3루수,30,29,244,5,0,24,53,5,0.939,0,0,0,-
26,박계범,두산,2루수,30,22,191,2,0,45,59,11,0.981,0,0,0,-
26,잭로그,두산,투수,30,29,176,0,0,6,18,1,1.000,0,0,0,-
29,박계범,두산,3루수,29,10,121 1/3,3,0,8,23,3,0.912,0,0,0,-
29,박정수,두산,투수,29,0,26 1/3,0,1,4,8,0,1.000,0,0,0,-
29,박준순,두산,2루수,29,22,182 2/3,4,0,44,55,13,0.961,0,0,0,-
32,박계범,두산,유격수,28,12,118 2/3,4,0,14,33,4,0.922,0,0,0,-
32,콜어빈,두산,투수,28,28,144 2/3,2,0,6,26,4,0.941,0,0,0,-
34,최승용,두산,투수,23,23,116 1/3,1,0,2,12,0,0.933,0,0,0,-
35,이병헌,두산,투수,22,0,13,0,0,1,3,0,1.000,0,0,0,-
36,오명진,두산,3루수,21,17,146,1,0,11,27,3,0.974,0,0,0,-
37,홍건희,두산,투수,20,0,16,0,0,1,3,0,1.000,0,0,0,-
37,홍민규,두산,투수,20,2,33 1/3,0,1,2,3,0,1.000,0,0,0,-
39,곽빈,두산,투수,19,19,109 1/3,1,0,4,12,1,0.941,0,0,0,-
39,김호준,두산,투수,19,0,10 2/3,1,0,4,1,0,0.833,0,0,0,-
39,양재훈,두산,투수,19,0,23 1/3,0,0,0,0,0,-,0,0,0,-
42,김정우,두산,투수,18,0,21,0,0,1,4,0,1.000,0,0,0,-
42,안재석,두산,유격수,18,18,156,1,0,23,46,16,0.986,0,0,0,-
44,오명진,두산,유격수,17,15,129 1/3,2,0,28,39,3,0.971,0,0,0,-
44,최민석,두산,투수,17,15,77 2/3,1,0,7,4,0,0.917,0,0,0,-
46,추재현,두산,좌익수,16,11,113 2/3,0,0,31,0,0,1.000,0,0,0,-
47,박지훈,두산,3루수,15,9,88 1/3,1,0,11,12,1,0.958,0,0,0,-
48,조수행,두산,우익수,13,5,53,0,0,16,0,0,1.000,0,0,0,-
49,김동준,두산,좌익수,11,9,67,0,0,11,1,0,1.000,0,0,0,-
49,이유찬,두산,2루수,11,7,64,0,0,18,20,5,1.000,0,0,0,-
51,류현준,두산,포수,10,3,35 2/3,1,0,27,1,0,0.966,0,4,0,0.0
51,여동건,두산,2루수,10,4,47 1/3,1,0,12,19,5,0.969,0,0,0,-
51,윤태호,두산,투수,10,1,17 1/3,0,0,1,1,0,1.000,0,0,0,-
51,이교훈,두산,투수,10,0,7 2/3,0,0,1,1,1,1.000,0,0,0,-
55,박지훈,두산,1루수,9,1,20,0,0,8,1,3,1.000,0,0,0,-
55,전다민,두산,좌익수,9,0,18 1/3,0,0,2,0,0,1.000,0,0,0,-
55,최준호,두산,투수,9,3,16,0,0,0,1,0,1.000,0,0,0,-
58,김대한,두산,좌익수,8,4,34 1/3,1,0,11,0,0,0.917,0,0,0,-
58,김명신,두산,투수,8,0,8 1/3,0,0,1,1,0,1.000,0,0,0,-
58,김민혁,두산,1루수,8,5,35,0,0,32,1,5,1.000,0,0,0,-
58,김인태,두산,우익수,8,0,11,0,0,3,0,0,1.000,0,0,0,-
58,추재현,두산,우익수,8,5,44 2/3,0,0,6,0,0,1.000,0,0,0,-
63,김대한,두산,중견수,7,3,31 2/3,0,0,11,0,0,1.000,0,0,0,-
63,김민규,두산,투수,7,1,9 2/3,0,0,0,1,0,1.000,0,0,0,-
63,김유성,두산,투수,7,4,17 1/3,0,1,0,1,0,1.000,0,0,0,-
63,김준상,두산,2루수,7,4,37,0,0,4,11,2,1.000,0,0,0,-
63,박민준,두산,포수,7,0,10 2/3,0,0,7,0,0,1.000,2,2,0,0.0
63,이유찬,두산,좌익수,7,4,40,0,0,11,0,0,1.000,0,0,0,-
63,전다민,두산,중견수,7,0,17,1,0,6,0,0,0.857,0,0,0,-
70,박계범,두산,1루수,6,3,26,0,0,23,1,1,1.000,0,0,0,-
70,제환유,두산,투수,6,3,16 1/3,0,0,1,4,0,1.000,0,0,0,-
72,박지훈,두산,유격수,5,1,18,1,0,2,5,1,0.875,0,0,0,-
72,오명진,두산,1루수,5,2,19 2/3,0,0,13,4,2,1.000,0,0,0,-
72,홍성호,두산,1루수,5,4,30,0,0,25,1,2,1.000,0,0,0,-
75,김동준,두산,우익수,4,0,9,0,0,0,0,0,-,0,0,0,-
75,박준순,두산,유격수,4,1,16,1,0,3,6,3,0.900,0,0,0,-
75,장승현,두산,포수,4,1,11,0,0,10,1,0,1.000,0,1,0,0.0
78,김대한,두산,우익수,3,1,11,0,0,2,0,0,1.000,0,0,0,-
78,김민석,두산,중견수,3,0,4,0,0,0,0,0,-,0,0,0,-
78,박성재,두산,포수,3,0,4 1/3,0,0,4,1,0,1.000,0,0,1,100
78,이선우,두산,2루수,3,1,13,0,0,5,4,1,1.000,0,0,0,-
78,이선우,두산,유격수,3,2,12 1/3,1,0,3,2,0,0.833,0,0,0,-
78,이유찬,두산,중견수,3,3,17,0,0,2,0,0,1.000,0,0,0,-
78,이유찬,두산,3루수,3,1,2 2/3,0,0,0,0,0,-,0,0,0,-
78,이유찬,두산,우익수,3,1,13,0,0,3,0,0,1.000,0,0,0,-
78,최종인,두산,투수,3,0,1 2/3,0,0,0,0,0,-,0,0,0,-
87,김한중,두산,투수,2,0,2,0,0,0,0,0,-,0,0,0,-
87,박성재,두산,1루수,2,2,13,0,0,8,0,1,1.000,0,0,0,-
87,박준영,두산,3루수,2,0,2 1/3,0,0,1,0,0,1.000,0,0,0,-
87,박지훈,두산,중견수,2,0,2,0,0,0,0,0,-,0,0,0,-
87,안재석,두산,3루수,2,2,16,0,0,1,3,1,1.000,0,0,0,-
87,이선우,두산,1루수,2,0,2,0,0,3,1,0,1.000,0,0,0,-
87,추재현,두산,1루수,2,1,6 1/3,0,0,9,1,0,1.000,0,0,0,-
87,케이브,두산,중견수,2,1,6 2/3,0,0,2,0,0,1.000,0,0,0,-
95,김동준,두산,중견수,1,0,2,0,0,0,0,0,-,0,0,0,-
95,김동준,두산,1루수,1,0,3,1,0,3,0,1,0.750,0,0,0,-
95,김민석,두산,우익수,1,0,1,0,0,0,0,0,-,0,0,0,-
95,김재호,두산,유격수,1,1,2/3,0,0,0,0,0,-,0,0,0,-
95,김준상,두산,유격수,1,0,1,0,0,0,0,0,-,0,0,0,-
95,안재석,두산,2루수,1,0,3 2/3,0,0,0,2,0,1.000,0,0,0,-
95,안재석,두산,1루수,1,1,7,0,0,8,0,0,1.000,0,0,0,-
95,여동건,두산,3루수,1,0,2,0,0,0,1,0,1.000,0,0,0,-
95,전다민,두산,우익수,1,0,2,0,0,0,0,0,-,0,0,0,-
95,천현재,두산,중견수,1,1,7,0,0,0,0,0,-,0,0,0,-
95,추재현,두산,중견수,1,0,1,0,0,0,0,0,-,0,0,0,-
95,케이브,두산,1루수,1,0,1,0,0,1,0,0,1.000,0,0,0,-
95,홍성호,두산,좌익수,1,0,1/3,0,0,0,0,0,-,0,0,0,-
95,홍성호,두산,우익수,1,1,8,1,0,3,0,0,0.750,0,0,0,-
1,레이예스,롯데,좌익수,98,88,752 2/3,1,0,146,3,1,0.993,0,0,0,-
1,유강남,롯데,포수,98,92,641 1/3,2,0,588,47,3,0.997,5,66,6,8.3
3,나승엽,롯데,1루수,94,91,738 1/3,8,0,667,44,54,0.989,0,0,0,-
4,전민재,롯데,유격수,93,87,726 2/3,15,0,116,209,50,0.956,0,0,0,-
4,정보근,롯데,포수,93,34,397,2,0,374,21,1,0.995,6,28,5,15.2
6,윤동희,롯데,우익수,85,73,646 2/3,3,0,130,2,0,0.978,0,0,0,-
7,장두성,롯데,중견수,82,46,467 1/3,2,0,135,2,0,0.986,0,0,0,-
7,정현수,롯데,투수,82,0,47 2/3,0,0,3,4,0,1.000,0,0,0,-
9,정철원,롯데,투수,75,0,70,0,0,0,9,1,1.000,0,0,0,-
10,손호영,롯데,3루수,74,71,614 2/3,16,0,55,117,14,0.915,0,0,0,-
11,한태양,롯데,2루수,71,56,500 1/3,6,0,127,143,30,0.978,0,0,0,-
12,김강현,롯데,투수,67,0,72,0,1,1,6,0,1.000,0,0,0,-
13,황성빈,롯데,중견수,66,61,482 1/3,3,0,102,3,1,0.972,0,0,0,-
14,이호준,롯데,유격수,63,32,340 1/3,9,0,47,105,18,0.944,0,0,0,-
15,고승민,롯데,2루수,60,58,449 1/3,4,0,93,165,34,0.985,0,0,0,-
16,김민성,롯데,3루수,58,43,358 1/3,5,0,17,75,5,0.948,0,0,0,-
17,김원중,롯데,투수,53,0,60 2/3,0,0,1,13,0,1.000,0,0,0,-
18,박진,롯데,투수,51,5,69 1/3,0,0,6,4,0,1.000,0,0,0,-
19,손성빈,롯데,포수,50,15,189 1/3,1,0,150,15,0,0.994,1,7,5,41.7
20,전준우,롯데,좌익수,49,48,384,0,0,68,4,1,1.000,0,0,0,-
20,최준용,롯데,투수,49,0,54 1/3,1,1,1,7,0,0.889,0,0,0,-
22,송재영,롯데,투수,46,0,27,0,0,0,3,1,1.000,0,0,0,-
23,고승민,롯데,1루수,45,33,299,1,0,268,18,24,0.997,0,0,0,-
23,김상수,롯데,투수,45,0,36 2/3,0,0,4,1,0,1.000,0,0,0,-
25,이호준,롯데,2루수,33,1,64,0,0,11,21,7,1.000,0,0,0,-
26,김동혁,롯데,중견수,32,15,164,0,0,51,0,0,1.000,0,0,0,-
26,정훈,롯데,1루수,32,16,167 2/3,2,0,168,15,11,0.989,0,0,0,-
28,윤성빈,롯데,투수,31,1,27,1,0,1,2,0,0.750,0,0,0,-
29,레이예스,롯데,우익수,30,30,236,1,0,45,0,0,0.978,0,0,0,-
29,박승욱,롯데,유격수,30,22,174,2,0,21,51,10,0.973,0,0,0,-
31,박세웅,롯데,투수,29,28,160 2/3,1,1,5,26,1,0.969,0,0,0,-
32,나균안,롯데,투수,28,26,137 1/3,1,1,6,13,0,0.950,0,0,0,-
32,박찬형,롯데,3루수,28,21,195 1/3,3,0,15,33,4,0.941,0,0,0,-
34,홍민기,롯데,투수,25,2,32,1,0,1,5,0,0.857,0,0,0,-
35,김동혁,롯데,우익수,23,8,102 2/3,0,0,29,3,2,1.000,0,0,0,-
36,고승민,롯데,우익수,22,21,165 2/3,1,0,40,1,0,0.976,0,0,0,-
36,데이비슨,롯데,투수,22,22,123 1/3,2,0,6,12,1,0.900,0,0,0,-
38,김동혁,롯데,좌익수,21,1,26,0,0,8,0,0,1.000,0,0,0,-
39,이민석,롯데,투수,20,17,87 1/3,1,1,6,7,0,0.929,0,0,0,-
39,장두성,롯데,좌익수,20,0,37,0,0,5,0,0,1.000,0,0,0,-
41,감보아,롯데,투수,19,19,108,2,0,4,19,2,0.920,0,0,0,-
41,윤동희,롯데,중견수,19,18,121 2/3,0,0,37,0,0,1.000,0,0,0,-
43,장두성,롯데,우익수,16,8,85,1,0,22,0,0,0.957,0,0,0,-
44,박승욱,롯데,2루수,15,0,22,0,0,5,13,1,1.000,0,0,0,-
44,손호영,롯데,2루수,15,12,96,1,0,23,30,9,0.981,0,0,0,-
46,김진욱,롯데,투수,14,6,27,1,0,1,5,0,0.857,0,0,0,-
47,김민성,롯데,2루수,12,10,81,0,0,17,22,4,1.000,0,0,0,-
48,구승민,롯데,투수,11,0,9,0,0,1,1,0,1.000,0,0,0,-
48,김민성,롯데,1루수,11,2,25,1,0,28,0,6,0.966,0,0,0,-
48,박시영,롯데,투수,11,0,7 1/3,0,0,0,2,0,1.000,0,0,0,-
48,박준우,롯데,투수,11,1,12 1/3,0,0,0,2,0,1.000,0,0,0,-
48,벨라스케즈,롯데,투수,11,7,35,0,0,2,4,0,1.000,0,0,0,-
48,한태양,롯데,유격수,11,2,26,1,0,10,12,5,0.957,0,0,0,-
54,박승욱,롯데,1루수,10,0,16 1/3,0,0,10,2,3,1.000,0,0,0,-
54,한태양,롯데,3루수,10,1,27,0,0,0,2,0,1.000,0,0,0,-
56,박재엽,롯데,포수,9,3,39,1,0,42,1,1,0.977,0,3,1,25.0
56,한승현,롯데,우익수,9,3,30,0,0,7,1,0,1.000,0,0,0,-
58,박찬형,롯데,2루수,8,5,45 1/3,2,0,14,19,4,0.943,0,0,0,-
58,반즈,롯데,투수,8,8,45 2/3,0,0,2,4,0,1.000,0,0,0,-
58,한승현,롯데,좌익수,8,2,23,0,0,3,0,0,1.000,0,0,0,-
58,황성빈,롯데,좌익수,8,3,33,0,0,7,0,0,1.000,0,0,0,-
62,노진혁,롯데,1루수,7,2,29 2/3,2,0,30,1,6,0.939,0,0,0,-
62,박진형,롯데,투수,7,0,5 1/3,0,0,0,1,0,1.000,0,0,0,-
62,전민재,롯데,3루수,7,5,48,1,0,8,13,1,0.955,0,0,0,-
62,조세진,롯데,우익수,7,1,8,0,0,1,0,0,1.000,0,0,0,-
66,박건우,롯데,포수,6,0,11 1/3,0,0,10,1,0,1.000,1,0,0,-
67,박승욱,롯데,3루수,5,2,19,0,0,1,4,0,1.000,0,0,0,-
67,신윤후,롯데,중견수,5,2,27 2/3,0,0,5,0,0,1.000,0,0,0,-
69,노진혁,롯데,3루수,4,1,10,0,0,2,0,0,1.000,0,0,0,-
69,신윤후,롯데,우익수,4,0,6,0,0,0,0,0,-,0,0,0,-
69,심재민,롯데,투수,4,0,3,0,0,0,0,0,-,0,0,0,-
69,전민재,롯데,2루수,4,2,19,0,0,7,4,2,1.000,0,0,0,-
73,박세현,롯데,투수,3,0,3 2/3,0,0,1,0,0,1.000,0,0,0,-
73,이영재,롯데,투수,3,0,2,0,0,0,0,0,-,0,0,0,-
73,이호준,롯데,3루수,3,0,7 2/3,1,0,2,2,0,0.800,0,0,0,-
73,정우준,롯데,투수,3,0,3 1/3,0,0,0,0,0,-,0,0,0,-
73,최항,롯데,1루수,3,0,4,1,0,2,2,0,0.800,0,0,0,-
73,한현희,롯데,투수,3,2,8 2/3,0,0,0,0,0,-,0,0,0,-
79,고승민,롯데,좌익수,2,1,10,0,0,4,0,0,1.000,0,0,0,-
79,박찬형,롯데,유격수,2,1,13,1,0,3,3,2,0.857,0,0,0,-
79,이인한,롯데,좌익수,2,0,2 1/3,0,0,0,0,0,-,0,0,0,-
79,이태경,롯데,2루수,2,0,2,0,0,0,0,0,-,0,0,0,-
79,정성종,롯데,투수,2,0,2 1/3,0,0,0,0,0,-,0,0,0,-
79,정훈,롯데,좌익수,2,1,10,0,0,2,0,0,1.000,0,0,0,-
79,한승현,롯데,중견수,2,1,9,0,0,3,1,1,1.000,0,0,0,-
86,강승구,롯데,포수,1,0,2,0,0,2,0,0,1.000,0,0,0,-
86,김태현,롯데,투수,1,0,2,0,0,0,0,0,-,0,0,0,-
86,손호영,롯데,좌익수,1,0,1,0,0,0,0,0,-,0,0,0,-
86,신윤후,롯데,좌익수,1,0,1,0,0,0,0,0,-,0,0,0,-
86,조세진,롯데,중견수,1,1,8,0,0,4,0,0,1.000,0,0,0,-
86,최항,롯데,2루수,1,0,1,0,0,1,0,0,1.000,0,0,0,-
1,이재현,삼성,유격수,136,132,1117,23,0,217,333,73,0.960,0,0,0,-
2,디아즈,삼성,1루수,128,126,1085 1/3,4,0,1013,87,89,0.996,0,0,0,-
3,강민호,삼성,포수,123,104,876 2/3,2,0,740,40,3,0.997,8,72,11,13.3
4,김영웅,삼성,3루수,118,114,964 1/3,11,0,81,207,23,0.963,0,0,0,-
5,류지혁,삼성,2루수,113,100,811 1/3,4,0,184,254,58,0.991,0,0,0,-
6,구자욱,삼성,좌익수,99,95,791 1/3,3,0,162,1,0,0.982,0,0,0,-
7,김지찬,삼성,중견수,77,69,565,1,0,157,1,1,0.994,0,0,0,-
8,김성윤,삼성,우익수,73,64,535,1,0,97,3,0,0.990,0,0,0,-
8,김태훈,삼성,투수,73,0,66 1/3,2,0,1,8,1,0.818,0,0,0,-
10,배찬승,삼성,투수,65,0,50 2/3,0,0,3,7,0,1.000,0,0,0,-
11,김재윤,삼성,투수,63,0,57 2/3,0,0,3,9,0,1.000,0,0,0,-
11,양도근,삼성,2루수,63,26,285,2,0,80,86,22,0.988,0,0,0,-
13,이승민,삼성,투수,62,1,64 1/3,0,0,5,10,1,1.000,0,0,0,-
14,김성윤,삼성,중견수,60,47,432 1/3,1,0,116,3,3,0.992,0,0,0,-
15,이호성,삼성,투수,58,0,55 1/3,1,0,3,6,1,0.900,0,0,0,-
16,이병헌,삼성,포수,55,13,184,2,0,154,9,1,0.988,2,16,1,5.9
17,김헌곤,삼성,좌익수,49,21,201,0,0,43,0,0,1.000,0,0,0,-
18,이성규,삼성,우익수,44,21,207 2/3,2,0,49,1,1,0.962,0,0,0,-
19,김재성,삼성,포수,43,22,176,0,0,147,13,5,1.000,2,15,6,28.6
20,이승현,삼성,투수,42,0,35 2/3,0,0,1,4,0,1.000,0,0,0,-
21,전병우,삼성,3루수,36,14,140 1/3,0,0,10,23,2,1.000,0,0,0,-
22,김헌곤,삼성,우익수,35,23,216,0,0,41,0,0,1.000,0,0,0,-
22,양도근,삼성,유격수,35,9,125 1/3,1,0,23,43,4,0.985,0,0,0,-
24,양창섭,삼성,투수,33,6,63,1,0,3,9,1,0.923,0,0,0,-
25,박승규,삼성,중견수,32,20,177 1/3,0,0,49,1,0,1.000,0,0,0,-
26,후라도,삼성,투수,30,30,197 1/3,0,1,18,27,1,1.000,0,0,0,-
27,백정현,삼성,투수,29,1,32 1/3,0,0,2,3,0,1.000,0,0,0,-
28,원태인,삼성,투수,27,27,166 2/3,4,4,10,25,0,0.897,0,0,0,-
28,육선엽,삼성,투수,27,1,28 2/3,1,0,0,6,1,0.857,0,0,0,-
28,최원태,삼성,투수,27,24,124 1/3,2,1,3,24,0,0.931,0,0,0,-
31,박승규,삼성,우익수,25,14,130,0,0,15,2,0,1.000,0,0,0,-
31,이승현,삼성,투수,25,23,101 1/3,0,0,3,13,0,1.000,0,0,0,-
33,심재훈,삼성,2루수,22,9,100 1/3,0,0,18,26,8,1.000,0,0,0,-
34,윤정빈,삼성,우익수,19,10,98,0,0,20,1,0,1.000,0,0,0,-
35,임창민,삼성,투수,16,0,13,1,0,0,1,0,0.500,0,0,0,-
36,가라비토,삼성,투수,15,15,78 1/3,1,1,5,10,1,0.938,0,0,0,-
36,김태훈,삼성,좌익수,15,10,75 2/3,2,0,20,0,0,0.909,0,0,0,-
36,김태훈,삼성,우익수,15,9,66,0,0,11,1,0,1.000,0,0,0,-
36,류지혁,삼성,1루수,15,4,52,0,0,54,2,7,1.000,0,0,0,-
36,황동재,삼성,투수,15,1,20 2/3,1,0,0,1,0,0.500,0,0,0,-
41,박병호,삼성,1루수,14,12,84,2,0,56,12,6,0.971,0,0,0,-
41,양도근,삼성,3루수,14,7,69 2/3,2,0,6,17,0,0.920,0,0,0,-
43,류지혁,삼성,3루수,13,9,87,1,0,5,14,2,0.950,0,0,0,-
44,오승환,삼성,투수,12,0,9,0,0,0,1,0,1.000,0,0,0,-
44,이성규,삼성,좌익수,12,8,73,0,0,22,1,0,1.000,0,0,0,-
44,전병우,삼성,1루수,12,0,23 1/3,1,0,21,1,3,0.957,0,0,0,-
44,홍현빈,삼성,좌익수,12,0,22,1,0,6,0,0,0.857,0,0,0,-
48,김대호,삼성,투수,11,4,21,0,0,1,2,0,1.000,0,0,0,-
48,박승규,삼성,좌익수,11,7,65,1,0,18,0,0,0.947,0,0,0,-
48,이재희,삼성,투수,11,0,9,0,0,0,0,0,-,0,0,0,-
51,레예스,삼성,투수,10,10,50,0,1,3,6,0,1.000,0,0,0,-
52,홍현빈,삼성,중견수,9,5,45 2/3,0,0,16,0,0,1.000,0,0,0,-
53,이재익,삼성,투수,7,0,7 1/3,0,0,0,1,0,1.000,0,0,0,-
53,전병우,삼성,2루수,7,4,20,0,0,8,5,1,1.000,0,0,0,-
55,김도환,삼성,포수,6,5,31,0,0,23,1,0,1.000,0,4,1,20.0
55,안주형,삼성,2루수,6,4,31,2,0,8,8,0,0.889,0,0,0,-
55,양우현,삼성,2루수,6,1,21,1,0,4,5,1,0.900,0,0,0,-
55,이성규,삼성,중견수,6,2,34 1/3,0,0,9,1,0,1.000,0,0,0,-
59,김재혁,삼성,중견수,5,0,8,0,0,2,0,0,1.000,0,0,0,-
59,송은범,삼성,투수,5,0,6,0,0,0,1,0,1.000,0,0,0,-
61,김태근,삼성,좌익수,4,1,18,0,0,2,0,0,1.000,0,0,0,-
61,양현,삼성,투수,4,0,3 1/3,0,0,0,0,0,-,0,0,0,-
61,이성규,삼성,1루수,4,1,8,0,0,6,0,2,1.000,0,0,0,-
61,최충연,삼성,투수,4,0,1 2/3,0,0,0,0,0,-,0,0,0,-
65,김태근,삼성,우익수,3,1,11,0,0,3,0,0,1.000,0,0,0,-
65,안주형,삼성,유격수,3,0,6,0,0,1,3,1,1.000,0,0,0,-
65,양도근,삼성,중견수,3,0,5,0,0,1,0,0,1.000,0,0,0,-
65,이창용,삼성,1루수,3,1,10,1,0,12,0,2,0.923,0,0,0,-
65,함수호,삼성,좌익수,3,2,16,0,0,2,0,0,1.000,0,0,0,-
70,김대우,삼성,투수,2,0,2/3,0,0,0,0,0,-,0,0,0,-
70,김성윤,삼성,좌익수,2,0,2,0,0,0,0,0,-,0,0,0,-
70,김태훈,삼성,1루수,2,0,3,0,0,4,0,0,1.000,0,0,0,-
70,양우현,삼성,유격수,2,2,8,0,0,1,4,1,1.000,0,0,0,-
70,이해승,삼성,유격수,2,1,10,1,0,1,2,0,0.750,0,0,0,-
70,이해승,삼성,3루수,2,0,7 1/3,1,0,1,1,0,0.667,0,0,0,-
70,최성훈,삼성,투수,2,0,1,0,0,0,1,0,1.000,0,0,0,-
70,홍원표,삼성,투수,2,0,2,0,0,0,0,0,-,0,0,0,-
70,홍현빈,삼성,우익수,2,0,2,0,0,0,0,0,-,0,0,0,-
79,김영웅,삼성,유격수,1,0,1 1/3,0,0,1,0,1,1.000,0,0,0,-
79,김재혁,삼성,좌익수,1,0,3 2/3,0,0,0,0,0,-,0,0,0,-
79,김태근,삼성,중견수,1,0,1,0,0,0,0,0,-,0,0,0,-
79,박진우,삼성,포수,1,0,1,0,0,0,0,0,-,0,0,0,-
79,심재훈,삼성,유격수,1,0,1,0,0,1,1,0,1.000,0,0,0,-
79,윤정빈,삼성,좌익수,1,0,1,0,0,0,0,0,-,0,0,0,-
79,윤정빈,삼성,1루수,1,0,3,0,0,0,1,0,1.000,0,0,0,-
79,이상민,삼성,투수,1,0,1,0,0,0,0,0,-,0,0,0,-
79,정민성,삼성,투수,1,1,1,0,0,0,0,0,-,0,0,0,-
79,함수호,삼성,우익수,1,1,3,0,0,1,0,0,1.000,0,0,0,-
1,이주형,키움,중견수,119,110,967,1,0,328,2,0,0.997,0,0,0,-
2,송성문,키움,3루수,111,108,935 1/3,13,0,103,202,29,0.959,0,0,0,-
3,어준서,키움,유격수,109,95,763,26,0,139,196,43,0.928,0,0,0,-
4,김건희,키움,포수,104,85,731,5,2,532,64,7,0.992,11,54,28,34.1
5,최주환,키움,1루수,97,95,819 1/3,6,0,698,47,67,0.992,0,0,0,-
6,김태진,키움,2루수,64,48,430 2/3,3,0,93,138,29,0.987,0,0,0,-
7,김재현,키움,포수,62,41,353,4,0,277,28,6,0.987,1,31,12,27.9
8,원종현,키움,투수,61,0,54 1/3,1,0,4,7,0,0.917,0,0,0,-
9,박윤성,키움,투수,54,0,51 2/3,0,0,5,7,1,1.000,0,0,0,-
10,오석주,키움,투수,53,0,58 1/3,0,0,5,9,0,1.000,0,0,0,-
11,오선진,키움,유격수,51,20,228,3,0,40,48,11,0.967,0,0,0,-
11,조영건,키움,투수,51,6,77 2/3,0,0,0,6,0,1.000,0,0,0,-
13,임지열,키움,좌익수,49,49,414,2,0,122,4,2,0.984,0,0,0,-
14,김동헌,키움,포수,45,18,185,1,0,152,6,0,0.994,1,22,1,4.3
15,김선기,키움,투수,44,8,78,0,0,2,6,0,1.000,0,0,0,-
16,주승우,키움,투수,42,0,44,1,0,3,4,0,0.875,0,0,0,-
16,카디네스,키움,우익수,42,40,322,2,0,61,4,1,0.970,0,0,0,-
18,박주홍,키움,우익수,41,29,278 1/3,2,0,65,1,1,0.971,0,0,0,-
18,박주홍,키움,좌익수,41,25,236 2/3,0,0,70,1,1,1.000,0,0,0,-
20,임지열,키움,1루수,38,32,285 2/3,2,0,276,20,17,0.993,0,0,0,-
21,윤석원,키움,투수,37,0,37 1/3,0,0,1,2,0,1.000,0,0,0,-
21,주성원,키움,우익수,37,32,257 1/3,1,0,60,2,0,0.984,0,0,0,-
23,김태진,키움,유격수,34,23,217,6,0,27,58,7,0.934,0,0,0,-
23,전태현,키움,2루수,34,24,213,3,0,44,68,15,0.974,0,0,0,-
25,이준우,키움,투수,31,0,23,0,0,1,4,0,1.000,0,0,0,-
26,송지후,키움,2루수,30,25,212 1/3,2,0,53,74,8,0.984,0,0,0,-
27,김성민,키움,투수,29,0,25,0,1,0,2,0,1.000,0,0,0,-
27,이강준,키움,투수,29,0,24 2/3,2,0,0,5,1,0.714,0,0,0,-
29,푸이그,키움,좌익수,28,28,232,2,0,45,1,0,0.958,0,0,0,-
29,하영민,키움,투수,28,28,153 1/3,0,1,7,20,1,1.000,0,0,0,-
31,송성문,키움,2루수,25,23,188,1,0,54,63,13,0.992,0,0,0,-
32,오선진,키움,3루수,24,9,102 2/3,0,0,7,22,3,1.000,0,0,0,-
33,오선진,키움,2루수,23,9,97 1/3,1,0,27,25,7,0.981,0,0,0,-
34,전준표,키움,투수,21,1,20 1/3,0,0,0,2,0,1.000,0,0,0,-
35,김연주,키움,투수,20,8,51 2/3,1,0,0,6,0,0.857,0,0,0,-
36,김윤하,키움,투수,19,18,88,0,0,4,9,0,1.000,0,0,0,-
36,박수종,키움,중견수,19,6,64,1,0,21,0,0,0.955,0,0,0,-
36,알칸타라,키움,투수,19,19,121,1,0,5,13,0,0.947,0,0,0,-
36,임병욱,키움,우익수,19,11,106 2/3,1,0,19,0,0,0.950,0,0,0,-
40,박주성,키움,투수,18,6,52,1,0,5,8,0,0.929,0,0,0,-
40,양지율,키움,투수,18,0,14,0,0,0,3,0,1.000,0,0,0,-
40,정현우,키움,투수,18,18,81 1/3,1,0,3,14,1,0.944,0,0,0,-
43,여동욱,키움,3루수,17,9,76,3,0,9,13,2,0.880,0,0,0,-
43,윤현,키움,투수,17,3,22,0,0,1,1,0,1.000,0,0,0,-
43,임병욱,키움,중견수,17,10,81,0,0,27,0,0,1.000,0,0,0,-
46,박정훈,키움,투수,16,3,23,0,0,0,4,0,1.000,0,0,0,-
47,박주홍,키움,중견수,14,8,66,1,0,28,1,1,0.967,0,0,0,-
48,로젠버그,키움,투수,13,13,75 1/3,0,0,2,5,0,1.000,0,0,0,-
48,스톤,키움,우익수,13,13,114,1,0,19,2,0,0.955,0,0,0,-
48,전태현,키움,좌익수,13,7,60,0,0,17,0,0,1.000,0,0,0,-
48,전태현,키움,3루수,13,9,80,1,0,5,13,1,0.947,0,0,0,-
52,이형종,키움,좌익수,12,10,80 2/3,0,0,21,0,0,1.000,0,0,0,-
52,이형종,키움,우익수,12,6,63 1/3,0,0,16,1,0,1.000,0,0,0,-
54,임병욱,키움,좌익수,11,7,72 1/3,0,0,18,0,0,1.000,0,0,0,-
55,김동규,키움,투수,9,0,8,0,0,0,0,0,-,0,0,0,-
55,박수종,키움,우익수,9,3,35 2/3,0,0,11,1,1,1.000,0,0,0,-
55,원성준,키움,우익수,9,4,36,0,0,4,0,0,1.000,0,0,0,-
58,메르세데스,키움,투수,8,8,46 1/3,2,0,0,4,0,0.667,0,0,0,-
58,박수종,키움,좌익수,8,0,23 1/3,0,0,11,0,0,1.000,0,0,0,-
58,오선진,키움,1루수,8,1,19,0,0,19,1,1,1.000,0,0,0,-
61,권혁빈,키움,2루수,7,5,32,0,0,7,8,2,1.000,0,0,0,-
61,양현종,키움,3루수,7,2,17,1,0,1,2,0,0.750,0,0,0,-
61,원성준,키움,좌익수,7,5,45,0,0,12,0,0,1.000,0,0,0,-
61,이용규,키움,중견수,7,7,52,1,0,17,0,0,0.944,0,0,0,-
65,고영우,키움,2루수,6,2,32,1,0,8,11,0,0.950,0,0,0,-
65,권혁빈,키움,유격수,6,3,30,0,0,6,4,0,1.000,0,0,0,-
65,장재영,키움,중견수,6,2,24,1,0,10,0,0,0.909,0,0,0,-
65,전태현,키움,유격수,6,2,20,0,0,5,4,1,1.000,0,0,0,-
65,카디네스,키움,1루수,6,6,54,2,0,42,5,1,0.959,0,0,0,-
70,김병휘,키움,2루수,5,2,19 2/3,0,0,4,8,1,1.000,0,0,0,-
70,염승원,키움,2루수,5,4,27,0,0,6,7,1,1.000,0,0,0,-
70,임지열,키움,우익수,5,5,41,0,0,10,1,1,1.000,0,0,0,-
70,주성원,키움,좌익수,5,5,32,1,0,11,1,0,0.923,0,0,0,-
74,강진성,키움,1루수,4,2,19,0,0,17,1,2,1.000,0,0,0,-
74,고영우,키움,3루수,4,2,19,1,0,1,3,0,0.800,0,0,0,-
74,김서준,키움,투수,4,0,5 1/3,0,0,0,1,0,1.000,0,0,0,-
74,김웅빈,키움,1루수,4,3,28,0,0,19,1,1,1.000,0,0,0,-
74,손힘찬,키움,투수,4,0,4,0,0,0,1,0,1.000,0,0,0,-
74,어준서,키움,3루수,4,4,26,3,0,2,1,0,0.500,0,0,0,-
74,웰스,키움,투수,4,4,20,0,0,0,3,0,1.000,0,0,0,-
74,임진묵,키움,투수,4,0,3 2/3,0,0,0,0,0,-,0,0,0,-
74,정세영,키움,투수,4,1,2 2/3,0,0,0,0,0,-,0,0,0,-
83,박주홍,키움,1루수,3,0,5,0,0,2,0,1,1.000,0,0,0,-
83,변상권,키움,좌익수,3,2,15,0,0,5,0,0,1.000,0,0,0,-
83,스톤,키움,좌익수,3,3,26,0,0,6,0,0,1.000,0,0,0,-
83,여동욱,키움,1루수,3,3,21,1,0,20,0,2,0.952,0,0,0,-
83,장재영,키움,좌익수,3,0,5,0,0,0,0,0,-,0,0,0,-
88,권혁빈,키움,중견수,2,1,10,0,0,2,0,0,1.000,0,0,0,-
88,김병휘,키움,유격수,2,0,4,0,0,0,2,0,1.000,0,0,0,-
88,변상권,키움,우익수,2,0,1 2/3,0,0,0,0,0,-,0,0,0,-
88,서유신,키움,2루수,2,2,17,0,0,3,4,0,1.000,0,0,0,-
88,서유신,키움,3루수,2,0,2,0,0,0,0,0,-,0,0,0,-
88,손현기,키움,투수,2,0,3,0,0,0,0,0,-,0,0,0,-
88,송지후,키움,유격수,2,0,3,0,0,1,1,0,1.000,0,0,0,-
88,양현종,키움,1루수,2,2,14,0,0,11,0,0,1.000,0,0,0,-
88,이용규,키움,우익수,2,0,3,0,0,1,0,0,1.000,0,0,0,-
88,이용규,키움,좌익수,2,1,8,0,0,2,0,0,1.000,0,0,0,-
88,이주형,키움,1루수,2,0,2,0,0,1,0,0,1.000,0,0,0,-
88,장재영,키움,우익수,2,1,10,0,0,0,0,0,-,0,0,0,-
88,카디네스,키움,좌익수,2,2,17,0,0,2,0,0,1.000,0,0,0,-
101,고영우,키움,유격수,1,0,1,0,0,0,0,0,-,0,0,0,-
101,권혁빈,키움,좌익수,1,0,2,0,0,2,0,0,1.000,0,0,0,-
101,김태진,키움,3루수,1,0,1,0,0,0,0,0,-,0,0,0,-
101,서유신,키움,유격수,1,0,1,1,0,0,0,0,0.000,0,0,0,-
101,송지후,키움,3루수,1,0,3,0,0,0,1,0,1.000,0,0,0,-
101,원성준,키움,중견수,1,0,2,0,0,0,0,0,-,0,0,0,-
101,이승원,키움,3루수,1,1,5,1,0,0,0,0,0.000,0,0,0,-
101,이원석,키움,1루수,1,0,2,0,0,4,0,1,1.000,0,0,0,-
101,이재상,키움,유격수,1,1,2,1,0,0,0,0,0.000,0,0,0,-
101,이재상,키움,3루수,1,0,2,0,0,0,0,0,-,0,0,0,-
101,임지열,키움,중견수,1,0,3,0,0,1,0,0,1.000,0,0,0,-
1,노시환,한화,3루수,143,143,1262 1/3,17,0,99,218,17,0.949,0,0,0,-
2,최재훈,한화,포수,121,107,813,5,1,856,68,8,0.995,8,58,18,23.7
3,채은성,한화,1루수,113,112,929 2/3,6,0,816,31,59,0.993,0,0,0,-
4,황영묵,한화,2루수,107,61,627 2/3,6,0,118,187,35,0.981,0,0,0,-
5,문현빈,한화,좌익수,105,104,876 1/3,3,0,137,8,0,0.980,0,0,0,-
6,이재원,한화,포수,98,35,409 2/3,6,0,406,33,4,0.987,2,35,8,18.6
7,이진영,한화,우익수,94,81,642 1/3,2,0,127,3,0,0.985,0,0,0,-
8,심우준,한화,유격수,91,81,685,7,0,140,201,40,0.980,0,0,0,-
9,박상원,한화,투수,74,0,66 2/3,1,0,7,9,1,0.941,0,0,0,-
10,김범수,한화,투수,73,0,48,1,0,4,6,2,0.909,0,0,0,-
11,한승혁,한화,투수,71,0,64,0,2,1,10,1,1.000,0,0,0,-
12,김서현,한화,투수,69,0,66,0,0,0,9,0,1.000,0,0,0,-
13,조동욱,한화,투수,68,2,60,0,0,0,10,2,1.000,0,0,0,-
14,이도윤,한화,2루수,64,45,380 2/3,2,0,73,120,21,0.990,0,0,0,-
15,김종수,한화,투수,63,0,63 2/3,0,0,4,5,1,1.000,0,0,0,-
15,플로리얼,한화,중견수,63,62,537 1/3,5,0,133,4,0,0.965,0,0,0,-
17,이원석,한화,우익수,61,24,279 1/3,0,0,50,4,1,1.000,0,0,0,-
17,하주석,한화,유격수,61,48,407 2/3,1,0,59,103,21,0.994,0,0,0,-
19,리베라토,한화,중견수,58,58,479,3,0,125,7,1,0.978,0,0,0,-
20,김태연,한화,1루수,56,26,294,3,0,249,27,21,0.989,0,0,0,-
21,정우주,한화,투수,51,2,53 2/3,0,0,0,1,0,1.000,0,0,0,-
22,주현상,한화,투수,48,0,41 2/3,1,0,2,6,0,0.889,0,0,0,-
23,손아섭,한화,우익수,46,42,314,0,0,68,0,0,1.000,0,0,0,-
24,이도윤,한화,유격수,43,15,195 2/3,2,0,29,56,7,0.977,0,0,0,-
25,이원석,한화,중견수,36,20,216,0,0,55,0,0,1.000,0,0,0,-
26,김태연,한화,우익수,35,23,198 2/3,1,0,49,5,2,0.982,0,0,0,-
27,김태연,한화,좌익수,30,23,178 1/3,1,0,30,1,0,0.969,0,0,0,-
27,와이스,한화,투수,30,30,178 2/3,1,0,3,20,0,0.958,0,0,0,-
29,폰세,한화,투수,29,29,180 2/3,0,0,4,19,1,1.000,0,0,0,-
30,엄상백,한화,투수,28,16,80 2/3,1,1,3,7,0,0.909,0,0,0,-
30,하주석,한화,2루수,28,27,197,1,0,33,51,10,0.988,0,0,0,-
32,류현진,한화,투수,26,26,139 1/3,3,0,1,18,1,0.864,0,0,0,-
33,문동주,한화,투수,24,23,121,1,0,5,11,0,0.941,0,0,0,-
34,황준서,한화,투수,23,12,56,0,0,1,8,1,1.000,0,0,0,-
35,이원석,한화,좌익수,20,2,61 1/3,1,0,17,0,0,0.944,0,0,0,-
35,최인호,한화,좌익수,20,9,95 1/3,0,0,13,0,0,1.000,0,0,0,-
37,허인서,한화,포수,19,2,65,1,0,78,8,1,0.989,1,3,5,62.5
38,이태양,한화,투수,14,0,11 1/3,0,0,0,3,0,1.000,0,0,0,-
39,임종찬,한화,우익수,13,10,86 1/3,1,0,16,0,0,0.941,0,0,0,-
40,손아섭,한화,좌익수,12,8,47,0,0,15,1,1,1.000,0,0,0,-
40,안치홍,한화,2루수,12,11,81,1,0,15,28,5,0.977,0,0,0,-
40,윤산흠,한화,투수,12,1,16 2/3,0,0,0,2,0,1.000,0,0,0,-
43,이상혁,한화,중견수,9,0,14,0,0,4,0,0,1.000,0,0,0,-
43,이상혁,한화,우익수,9,0,19 2/3,0,0,2,0,0,1.000,0,0,0,-
45,이도윤,한화,3루수,7,1,24,0,0,2,0,0,1.000,0,0,0,-
45,이진영,한화,좌익수,7,5,52,0,0,14,1,0,1.000,0,0,0,-
45,최인호,한화,우익수,7,0,16,0,0,3,1,0,1.000,0,0,0,-
48,권광민,한화,1루수,6,1,20 1/3,0,0,17,1,1,1.000,0,0,0,-
48,김인환,한화,1루수,6,4,34 1/3,2,0,30,6,5,0.947,0,0,0,-
48,이상혁,한화,좌익수,6,0,12,0,0,5,0,0,1.000,0,0,0,-
51,권민규,한화,투수,5,0,5 1/3,0,0,0,1,0,1.000,0,0,0,-
51,김기중,한화,투수,5,2,14 2/3,0,0,0,1,0,1.000,0,0,0,-
51,김승일,한화,투수,5,0,2 2/3,0,0,0,0,0,-,0,0,0,-
51,이상규,한화,투수,5,0,9,0,0,1,2,0,1.000,0,0,0,-
55,강재민,한화,투수,4,0,4,0,0,0,1,0,1.000,0,0,0,-
55,문현빈,한화,중견수,4,1,14,0,0,3,1,0,1.000,0,0,0,-
55,유로결,한화,중견수,4,0,13,0,0,2,1,0,1.000,0,0,0,-
55,이도윤,한화,1루수,4,0,5,0,0,7,0,0,1.000,0,0,0,-
59,이진영,한화,중견수,3,2,15,0,0,3,0,0,1.000,0,0,0,-
60,원종혁,한화,투수,2,0,1 2/3,0,0,0,0,0,-,0,0,0,-
60,유로결,한화,우익수,2,1,13,0,0,3,0,0,1.000,0,0,0,-
60,이승현,한화,2루수,2,0,3,0,0,0,0,0,-,0,0,0,-
60,이승현,한화,유격수,2,0,2,0,0,2,0,0,1.000,0,0,0,-
60,최인호,한화,중견수,2,0,2,0,0,0,0,0,-,0,0,0,-
60,플로리얼,한화,좌익수,2,1,11,0,0,3,1,0,1.000,0,0,0,-
66,권광민,한화,우익수,1,1,3,0,0,0,0,0,-,0,0,0,-
66,권광민,한화,좌익수,1,0,1,0,0,0,0,0,-,0,0,0,-
66,문현빈,한화,2루수,1,0,1,0,0,0,1,1,1.000,0,0,0,-
66,문현빈,한화,3루수,1,0,1,0,0,0,0,0,-,0,0,0,-
66,박정현,한화,3루수,1,0,1,0,0,0,0,0,-,0,0,0,-
66,박준영,한화,투수,1,1,5,0,0,0,0,0,-,0,0,0,-
66,안치홍,한화,1루수,1,1,6,0,0,4,0,0,1.000,0,0,0,-
66,유로결,한화,좌익수,1,0,3,0,0,0,0,0,-,0,0,0,-
66,이민재,한화,우익수,1,1,5,0,0,1,0,0,1.000,0,0,0,-
66,장규현,한화,포수,1,0,2 2/3,0,0,3,0,0,1.000,0,0,0,-
66,하주석,한화,3루수,1,0,2,0,0,0,0,0,-,0,0,0,-
66,하주석,한화,1루수,1,0,1,0,0,1,0,1,1.000,0,0,0,-
1,박찬호,KIA,유격수,134,131,1114 1/3,16,0,229,356,84,0.973,0,0,0,-
2,김호령,KIA,중견수,104,94,852 2/3,6,0,218,7,1,0.974,0,0,0,-
3,김태군,KIA,포수,95,79,656 1/3,7,2,554,70,7,0.989,3,62,21,25.3
4,한준수,KIA,포수,93,57,525 1/3,3,0,452,36,5,0.994,5,44,12,21.4
5,위즈덤,KIA,1루수,88,60,552,4,0,536,28,48,0.993,0,0,0,-
6,김규성,KIA,2루수,79,25,301 2/3,4,0,65,97,21,0.976,0,0,0,-
7,오선우,KIA,1루수,77,59,505 1/3,10,0,482,33,43,0.981,0,0,0,-
8,전상현,KIA,투수,74,0,70,2,0,2,8,0,0.833,0,0,0,-
9,김선빈,KIA,2루수,72,68,503 2/3,9,0,96,126,33,0.961,0,0,0,-
9,조상우,KIA,투수,72,0,60,2,2,3,6,0,0.818,0,0,0,-
11,나성범,KIA,우익수,71,69,541 2/3,0,0,99,9,2,1.000,0,0,0,-
12,최지민,KIA,투수,66,0,53 1/3,0,0,0,6,0,1.000,0,0,0,-
13,정해영,KIA,투수,60,0,61 2/3,1,0,3,6,0,0.900,0,0,0,-
14,위즈덤,KIA,3루수,58,54,406,9,0,33,79,5,0.926,0,0,0,-
15,이준영,KIA,투수,57,0,34,1,0,0,2,0,0.667,0,0,0,-
16,오선우,KIA,좌익수,56,37,333,0,0,90,2,1,1.000,0,0,0,-
17,박민,KIA,3루수,45,13,173 1/3,1,0,14,39,4,0.981,0,0,0,-
17,성영탁,KIA,투수,45,0,52 1/3,0,0,1,8,1,1.000,0,0,0,-
19,한재승,KIA,투수,36,0,33 1/3,0,1,0,3,0,1.000,0,0,0,-
20,변우혁,KIA,3루수,34,27,240 2/3,4,0,19,57,2,0.950,0,0,0,-
21,이창진,KIA,좌익수,33,19,186,0,0,44,0,0,1.000,0,0,0,-
22,김규성,KIA,3루수,31,6,109 2/3,2,0,10,17,2,0.931,0,0,0,-
23,양현종,KIA,투수,30,30,153,3,2,7,12,0,0.864,0,0,0,-
24,김석환,KIA,좌익수,29,26,193 2/3,0,0,44,0,0,1.000,0,0,0,-
25,고종욱,KIA,좌익수,28,21,160 1/3,0,0,43,2,0,1.000,0,0,0,-
26,네일,KIA,투수,27,27,164 1/3,0,0,7,24,2,1.000,0,0,0,-
27,김건국,KIA,투수,26,6,46,0,0,3,6,0,1.000,0,0,0,-
27,올러,KIA,투수,26,26,149,1,0,1,7,0,0.889,0,0,0,-
29,김규성,KIA,유격수,25,11,119 1/3,4,0,21,39,5,0.938,0,0,0,-
29,김도영,KIA,3루수,25,25,201,5,0,11,43,4,0.915,0,0,0,-
29,윤도현,KIA,2루수,25,21,175,6,0,31,48,10,0.929,0,0,0,-
32,김기훈,KIA,투수,24,0,27 2/3,0,1,0,2,0,1.000,0,0,0,-
32,김도현,KIA,투수,24,24,125 1/3,1,2,6,23,0,0.967,0,0,0,-
32,김시훈,KIA,투수,24,0,25 2/3,0,0,1,3,0,1.000,0,0,0,-
35,박민,KIA,2루수,22,14,112,2,0,22,47,10,0.972,0,0,0,-
35,박정우,KIA,좌익수,22,2,49 2/3,0,0,11,0,0,1.000,0,0,0,-
37,박재현,KIA,중견수,20,7,81,1,0,14,1,0,0.938,0,0,0,-
38,오선우,KIA,우익수,19,13,102,1,0,20,3,1,0.958,0,0,0,-
39,김현수,KIA,투수,18,0,18 1/3,0,0,2,1,0,1.000,0,0,0,-
39,박정우,KIA,우익수,18,1,46 1/3,0,0,6,0,0,1.000,0,0,0,-
39,박정우,KIA,중견수,18,13,92,0,0,20,0,0,1.000,0,0,0,-
39,변우혁,KIA,1루수,18,6,68 1/3,0,0,54,9,5,1.000,0,0,0,-
39,황동하,KIA,투수,18,3,35 2/3,0,0,1,2,0,1.000,0,0,0,-
44,윤도현,KIA,3루수,17,16,115,2,0,6,19,1,0.926,0,0,0,-
45,박재현,KIA,좌익수,16,1,38,0,0,8,0,0,1.000,0,0,0,-
45,황대인,KIA,1루수,16,15,113,2,0,107,4,10,0.982,0,0,0,-
47,김대유,KIA,투수,15,0,8 1/3,0,0,0,1,0,1.000,0,0,0,-
48,윤영철,KIA,투수,13,13,50,0,0,3,5,0,1.000,0,0,0,-
48,윤중현,KIA,투수,13,0,10 1/3,1,0,0,3,0,0.750,0,0,0,-
48,이호민,KIA,투수,13,0,14 2/3,1,0,0,1,0,0.500,0,0,0,-
51,이형범,KIA,투수,12,0,10,0,0,3,2,0,1.000,0,0,0,-
51,정해원,KIA,우익수,12,7,53 1/3,0,0,16,0,0,1.000,0,0,0,-
51,한승택,KIA,포수,12,5,54,0,0,39,8,0,1.000,0,4,1,20.0
54,김석환,KIA,우익수,10,7,48,0,0,11,0,0,1.000,0,0,0,-
54,이의리,KIA,투수,10,10,39 2/3,0,0,1,6,0,1.000,0,0,0,-
54,임기영,KIA,투수,10,0,9,0,0,0,0,0,-,0,0,0,-
57,곽도규,KIA,투수,9,0,4,0,0,0,0,0,-,0,0,0,-
58,김태형,KIA,투수,8,3,23 2/3,1,0,1,3,0,0.800,0,0,0,-
58,박민,KIA,유격수,8,0,15,0,0,1,9,1,1.000,0,0,0,-
58,박재현,KIA,우익수,8,4,39,2,0,14,0,0,0.875,0,0,0,-
58,정해원,KIA,좌익수,8,4,44,1,0,10,0,0,0.909,0,0,0,-
62,김규성,KIA,1루수,7,2,23,0,0,23,3,0,1.000,0,0,0,-
62,박헌,KIA,우익수,7,3,32,0,0,7,0,0,1.000,0,0,0,-
62,서건창,KIA,2루수,7,4,34,0,0,11,12,4,1.000,0,0,0,-
62,주효상,KIA,포수,7,3,39,1,0,34,3,0,0.974,0,1,1,50.0
66,이도현,KIA,투수,6,2,13,0,0,1,2,0,1.000,0,0,0,-
66,이창진,KIA,우익수,6,4,27,1,0,10,0,0,0.909,0,0,0,-
68,최형우,KIA,좌익수,5,4,29,0,0,4,0,0,1.000,0,0,0,-
69,이성원,KIA,투수,4,0,2 2/3,0,0,0,0,0,-,0,0,0,-
69,정현창,KIA,2루수,4,2,15 2/3,0,0,2,5,1,1.000,0,0,0,-
69,정현창,KIA,유격수,4,1,14,0,0,3,7,2,1.000,0,0,0,-
72,김민주,KIA,투수,3,0,3,0,0,0,1,0,1.000,0,0,0,-
72,장재혁,KIA,투수,3,0,3,0,0,0,0,0,-,0,0,0,-
72,최정용,KIA,2루수,3,2,17,0,0,4,6,1,1.000,0,0,0,-
75,김정엽,KIA,투수,2,0,1,0,0,1,0,0,1.000,0,0,0,-
75,서건창,KIA,1루수,2,2,13,0,0,13,0,1,1.000,0,0,0,-
75,홍원빈,KIA,투수,2,0,1 2/3,0,0,0,0,0,-,0,0,0,-
78,김도영,KIA,유격수,1,0,2,0,0,0,0,0,-,0,0,0,-
78,김민재,KIA,투수,1,0,2,0,0,0,0,0,-,0,0,0,-
78,서건창,KIA,좌익수,1,0,1,0,0,0,0,0,-,0,0,0,-
78,위즈덤,KIA,우익수,1,0,1,0,0,0,0,0,-,0,0,0,-
78,위즈덤,KIA,좌익수,1,0,1,0,0,0,0,0,-,0,0,0,-
78,유승철,KIA,투수,1,0,2,0,0,0,0,0,-,0,0,0,-
78,유지성,KIA,투수,1,0,1,0,0,0,0,0,-,0,0,0,-
78,윤도현,KIA,유격수,1,1,9,1,0,1,2,1,0.750,0,0,0,-
78,정현창,KIA,3루수,1,1,8,0,0,0,0,0,-,0,0,0,-
1,권동진,KT,유격수,119,81,740 1/3,15,0,150,236,40,0.963,0,0,0,-
2,허경민,KT,3루수,113,110,936 1/3,10,0,75,161,10,0.959,0,0,0,-
3,장성우,KT,포수,112,98,836 2/3,5,0,708,43,5,0.993,4,104,11,9.6
4,김상수,KT,2루수,99,90,742 1/3,6,0,167,268,45,0.986,0,0,0,-
5,안현민,KT,우익수,93,84,699 2/3,7,0,149,14,1,0.959,0,0,0,-
6,배정대,KT,중견수,92,64,617 1/3,1,0,156,2,1,0.994,0,0,0,-
7,김민혁,KT,좌익수,90,83,662 2/3,1,0,127,1,0,0.992,0,0,0,-
8,황재균,KT,1루수,79,65,561 2/3,3,0,541,50,38,0.995,0,0,0,-
9,박영현,KT,투수,67,0,69,1,0,3,2,0,0.833,0,0,0,-
10,장준원,KT,유격수,62,47,355,3,0,72,114,26,0.984,0,0,0,-
10,조대현,KT,포수,62,24,246 2/3,7,0,196,10,1,0.967,2,15,2,11.8
12,문상철,KT,1루수,61,45,382,0,0,351,30,31,1.000,0,0,0,-
13,김민수,KT,투수,58,0,52 2/3,0,0,1,4,0,1.000,0,0,0,-
13,손동현,KT,투수,58,0,58 2/3,2,1,6,7,0,0.867,0,0,0,-
15,로하스,KT,우익수,53,49,385,3,0,76,3,1,0.963,0,0,0,-
15,우규민,KT,투수,53,0,44 1/3,0,0,2,7,0,1.000,0,0,0,-
17,원상현,KT,투수,52,0,57,0,0,0,9,0,1.000,0,0,0,-
18,오윤석,KT,2루수,48,21,215 1/3,1,0,48,76,12,0.992,0,0,0,-
19,이상동,KT,투수,41,0,43 1/3,0,0,4,3,0,1.000,0,0,0,-
19,장진혁,KT,좌익수,41,11,159,0,0,37,3,1,1.000,0,0,0,-
21,스티븐슨,KT,중견수,39,39,331 2/3,2,0,73,2,0,0.974,0,0,0,-
22,황재균,KT,3루수,38,31,271 2/3,1,0,23,22,2,0.978,0,0,0,-
23,로하스,KT,좌익수,34,19,170 2/3,1,0,40,1,0,0.976,0,0,0,-
23,오윤석,KT,1루수,34,22,190 1/3,0,0,171,15,16,1.000,0,0,0,-
23,주권,KT,투수,34,0,40 2/3,0,0,1,6,1,1.000,0,0,0,-
26,강현우,KT,포수,32,18,160 1/3,4,0,141,14,0,0.975,0,6,2,25.0
26,헤이수스,KT,투수,32,30,163 2/3,6,0,9,22,2,0.838,0,0,0,-
28,고영표,KT,투수,29,26,161,2,1,10,34,2,0.957,0,0,0,-
29,장진혁,KT,우익수,27,5,77,1,0,19,0,0,0.950,0,0,0,-
30,소형준,KT,투수,26,24,147 1/3,2,0,11,33,2,0.957,0,0,0,-
31,김상수,KT,유격수,25,13,125 2/3,2,0,29,34,6,0.969,0,0,0,-
31,오원석,KT,투수,25,25,132 1/3,1,0,7,26,1,0.971,0,0,0,-
33,이정훈,KT,좌익수,24,17,132,0,0,23,0,0,1.000,0,0,0,-
34,안치영,KT,좌익수,23,9,87 2/3,0,0,22,0,0,1.000,0,0,0,-
35,전용주,KT,투수,21,0,13 2/3,2,0,0,1,0,0.333,0,0,0,-
35,최성민,KT,우익수,21,2,50,0,0,10,0,0,1.000,0,0,0,-
37,문용익,KT,투수,20,2,28 2/3,0,0,2,6,1,1.000,0,0,0,-
37,장진혁,KT,중견수,20,13,109 1/3,0,0,36,1,0,1.000,0,0,0,-
37,최동환,KT,투수,20,0,18 2/3,0,1,0,4,0,1.000,0,0,0,-
40,쿠에바스,KT,투수,18,18,98 1/3,0,0,4,11,0,1.000,0,0,0,-
41,안치영,KT,우익수,17,1,35 1/3,0,0,10,0,0,1.000,0,0,0,-
41,유준규,KT,좌익수,17,4,41 2/3,0,0,8,0,0,1.000,0,0,0,-
43,강민성,KT,2루수,16,6,74 1/3,0,0,20,28,5,1.000,0,0,0,-
44,패트릭,KT,투수,15,9,60 2/3,1,1,8,11,0,0.950,0,0,0,-
45,안현민,KT,중견수,14,12,88 2/3,1,0,18,0,0,0.947,0,0,0,-
46,이호연,KT,1루수,12,9,80,0,0,68,5,3,1.000,0,0,0,-
47,박민석,KT,유격수,11,3,43 1/3,1,0,7,11,7,0.947,0,0,0,-
47,장준원,KT,3루수,11,0,26 1/3,0,0,2,4,1,1.000,0,0,0,-
47,장준원,KT,2루수,11,4,40 1/3,0,0,11,16,4,1.000,0,0,0,-
50,김민혁,KT,중견수,10,7,42,0,0,6,1,0,1.000,0,0,0,-
50,이채호,KT,투수,10,1,11 2/3,0,0,4,0,0,1.000,0,0,0,-
50,임준형,KT,투수,10,0,8 2/3,1,0,0,2,0,0.667,0,0,0,-
50,최성민,KT,좌익수,10,1,17 1/3,0,0,6,1,0,1.000,0,0,0,-
54,윤준혁,KT,1루수,9,1,23,0,0,19,2,4,1.000,0,0,0,-
55,배제성,KT,투수,8,5,27,0,0,2,5,1,1.000,0,0,0,-
55,유준규,KT,중견수,8,1,25 2/3,0,0,8,1,0,1.000,0,0,0,-
57,최용준,KT,투수,7,0,9,0,0,0,0,0,-,0,0,0,-
58,강민성,KT,3루수,6,0,9,0,0,2,4,1,1.000,0,0,0,-
58,로하스,KT,중견수,6,5,36 1/3,0,0,8,0,0,1.000,0,0,0,-
58,박건우,KT,투수,6,0,6 2/3,0,0,2,0,0,1.000,0,0,0,-
58,이정현,KT,투수,6,0,4 1/3,0,0,0,0,0,-,0,0,0,-
58,이호연,KT,3루수,6,3,28,1,0,3,2,0,0.833,0,0,0,-
63,강백호,KT,포수,5,4,32 2/3,1,0,22,2,1,0.960,0,2,2,50.0
63,박민석,KT,2루수,5,2,12,1,0,4,4,0,0.889,0,0,0,-
63,안치영,KT,중견수,5,2,19,0,0,5,0,0,1.000,0,0,0,-
63,이호연,KT,2루수,5,0,8 2/3,0,0,1,2,1,1.000,0,0,0,-
67,강민성,KT,1루수,4,0,9,0,0,4,0,1,1.000,0,0,0,-
67,강백호,KT,1루수,4,0,10 1/3,0,0,10,1,0,1.000,0,0,0,-
67,권동진,KT,2루수,4,2,24,0,0,4,9,0,1.000,0,0,0,-
67,김재원,KT,투수,4,0,4 1/3,0,0,0,0,0,-,0,0,0,-
67,윤준혁,KT,유격수,4,0,11,0,0,0,4,1,1.000,0,0,0,-
72,김동현,KT,투수,3,0,3 1/3,0,0,0,0,0,-,0,0,0,-
72,김병준,KT,좌익수,3,0,5 1/3,0,0,1,0,0,1.000,0,0,0,-
72,송민섭,KT,우익수,3,0,4,0,0,2,0,0,1.000,0,0,0,-
72,조이현,KT,투수,3,3,11 2/3,0,1,1,1,0,1.000,0,0,0,-
72,최성민,KT,중견수,3,1,5 1/3,1,0,1,0,0,0.500,0,0,0,-
72,황재균,KT,2루수,3,1,11,1,0,2,2,0,0.800,0,0,0,-
78,강건,KT,투수,2,1,3 2/3,0,0,0,1,0,1.000,0,0,0,-
78,김민석,KT,포수,2,0,2,0,0,1,0,0,1.000,0,1,0,0.0
78,김병준,KT,우익수,2,0,4,0,0,1,0,0,1.000,0,0,0,-
78,스티븐슨,KT,우익수,2,0,3,0,0,0,0,0,-,0,0,0,-
78,오서진,KT,유격수,2,0,2,0,0,2,1,1,1.000,0,0,0,-
78,유준규,KT,우익수,2,2,12,0,0,2,0,0,1.000,0,0,0,-
78,윤준혁,KT,3루수,2,0,5,0,0,0,0,0,-,0,0,0,-
78,이정훈,KT,1루수,2,1,9,1,0,8,0,0,0.889,0,0,0,-
78,한차현,KT,투수,2,0,1 2/3,0,0,0,0,0,-,0,0,0,-
87,강백호,KT,투수,1,0,1,0,0,0,0,0,-,0,0,0,-
87,김건형,KT,좌익수,1,0,1,0,0,0,0,0,-,0,0,0,-
87,김민혁,KT,우익수,1,1,8 1/3,1,0,1,0,0,0.500,0,0,0,-
87,김병준,KT,중견수,1,0,3,0,0,0,0,0,-,0,0,0,-
87,박경수,KT,2루수,1,0,2/3,0,0,0,0,0,-,0,0,0,-
87,안현민,KT,좌익수,1,0,1,0,0,0,0,0,-,0,0,0,-
87,오서진,KT,2루수,1,0,1 1/3,1,0,0,0,0,0.000,0,0,0,-
87,오서진,KT,3루수,1,0,1,0,0,0,0,0,-,0,0,0,-
87,오윤석,KT,3루수,1,0,1,0,0,0,0,0,-,0,0,0,-
87,황재균,KT,유격수,1,0,1,0,0,0,1,0,1.000,0,0,0,-
1,박해민,LG,중견수,144,136,1179,1,0,310,6,2,0.997,0,0,0,-
2,박동원,LG,포수,130,102,938 1/3,8,2,784,78,11,0.991,2,67,18,21.2
2,신민재,LG,2루수,130,113,992 2/3,12,0,245,320,87,0.979,0,0,0,-
4,오지환,LG,유격수,123,107,939 1/3,9,0,148,295,67,0.980,0,0,0,-
5,오스틴,LG,1루수,96,94,793,8,0,723,61,66,0.990,0,0,0,-
6,문보경,LG,3루수,95,91,753 2/3,14,0,48,153,13,0.935,0,0,0,-
7,문성주,LG,우익수,80,76,644 1/3,1,0,144,4,0,0.993,0,0,0,-
8,김진성,LG,투수,78,0,70 2/3,0,2,2,9,0,1.000,0,0,0,-
9,김현수,LG,좌익수,76,74,560 2/3,2,0,115,3,0,0.983,0,0,0,-
10,이주헌,LG,포수,69,42,332,4,0,295,16,2,0.987,5,28,3,9.7
11,구본혁,LG,3루수,68,33,328 2/3,2,0,21,72,9,0.979,0,0,0,-
12,김영우,LG,투수,66,0,60,0,0,4,11,2,1.000,0,0,0,-
13,최원영,LG,좌익수,60,8,169 1/3,1,0,41,0,0,0.976,0,0,0,-
14,구본혁,LG,유격수,57,36,315,3,0,57,97,22,0.981,0,0,0,-
15,장현식,LG,투수,56,0,49 2/3,1,0,2,3,0,0.833,0,0,0,-
16,박명근,LG,투수,44,0,38 2/3,0,0,4,7,1,1.000,0,0,0,-
17,이지강,LG,투수,43,1,47 1/3,0,0,4,4,1,1.000,0,0,0,-
18,홍창기,LG,우익수,42,40,329 2/3,0,0,58,2,0,1.000,0,0,0,-
19,유영찬,LG,투수,39,0,41,0,0,1,0,0,1.000,0,0,0,-
19,이정용,LG,투수,39,0,34,0,0,0,2,0,1.000,0,0,0,-
21,문보경,LG,1루수,37,18,190 1/3,2,0,191,10,28,0.990,0,0,0,-
22,구본혁,LG,2루수,35,26,220 2/3,1,0,51,63,16,0.991,0,0,0,-
23,최원영,LG,중견수,34,5,78 1/3,0,0,29,0,0,1.000,0,0,0,-
24,백승현,LG,투수,33,0,30,1,1,3,8,0,0.917,0,0,0,-
25,문성주,LG,좌익수,32,26,226,0,0,57,1,0,1.000,0,0,0,-
26,함덕주,LG,투수,31,0,27,0,0,1,2,0,1.000,0,0,0,-
27,손주영,LG,투수,30,27,153,2,3,5,19,1,0.923,0,0,0,-
27,치리노스,LG,투수,30,30,177,2,1,10,33,1,0.956,0,0,0,-
29,송승기,LG,투수,28,27,144,2,0,8,12,0,0.909,0,0,0,-
30,임찬규,LG,투수,27,27,160 1/3,5,1,6,21,4,0.844,0,0,0,-
30,천성호,LG,2루수,27,18,158 1/3,2,0,36,66,14,0.981,0,0,0,-
30,최원영,LG,우익수,27,7,81,0,0,23,0,0,1.000,0,0,0,-
33,송찬의,LG,우익수,25,17,153,0,0,29,0,0,1.000,0,0,0,-
34,송찬의,LG,좌익수,24,12,123 1/3,0,0,30,2,0,1.000,0,0,0,-
35,이우찬,LG,투수,23,0,19,1,0,2,1,0,0.750,0,0,0,-
36,천성호,LG,1루수,21,10,99,1,0,89,9,9,0.990,0,0,0,-
37,천성호,LG,3루수,20,10,85,1,0,7,9,3,0.941,0,0,0,-
38,박관우,LG,좌익수,17,7,57 1/3,0,0,12,0,0,1.000,0,0,0,-
39,박관우,LG,우익수,15,0,27,1,0,2,0,0,0.667,0,0,0,-
39,이영빈,LG,2루수,15,5,53,0,0,11,24,3,1.000,0,0,0,-
41,배재준,LG,투수,14,0,13,0,0,0,1,0,1.000,0,0,0,-
41,에르난데스,LG,투수,14,14,66,0,0,7,5,1,1.000,0,0,0,-
41,이영빈,LG,1루수,14,2,37,0,0,45,2,4,1.000,0,0,0,-
44,최지명,LG,투수,13,4,29,0,0,1,4,2,1.000,0,0,0,-
45,김강률,LG,투수,12,0,12 1/3,0,0,1,4,0,1.000,0,0,0,-
45,김현수,LG,1루수,12,9,83,2,0,73,9,6,0.976,0,0,0,-
45,성동현,LG,투수,12,0,9,0,0,1,2,0,1.000,0,0,0,-
45,최승민,LG,좌익수,12,0,19 2/3,1,0,5,0,0,0.833,0,0,0,-
49,우강훈,LG,투수,11,0,9 2/3,0,0,0,2,0,1.000,0,0,0,-
49,이영빈,LG,3루수,11,5,50,0,0,2,8,1,1.000,0,0,0,-
51,김현종,LG,좌익수,9,1,14,0,0,1,0,0,1.000,0,0,0,-
51,문정빈,LG,3루수,9,2,26,0,0,0,4,1,1.000,0,0,0,-
51,함창건,LG,좌익수,9,7,56,0,0,17,0,0,1.000,0,0,0,-
54,이영빈,LG,유격수,8,1,18,0,0,1,5,1,1.000,0,0,0,-
54,천성호,LG,좌익수,8,5,29,0,0,6,0,0,1.000,0,0,0,-
54,톨허스트,LG,투수,8,8,44,1,0,3,4,2,0.875,0,0,0,-
57,김정율,LG,1루수,7,2,27,0,0,23,3,3,1.000,0,0,0,-
58,김정율,LG,3루수,6,0,13,0,0,0,4,0,1.000,0,0,0,-
58,김유영,LG,투수,6,0,4 1/3,0,0,0,1,0,1.000,0,0,0,-
58,문정빈,LG,1루수,6,2,18,0,0,18,2,2,1.000,0,0,0,-
58,함창건,LG,우익수,6,0,12,0,0,3,0,0,1.000,0,0,0,-
62,김성우,LG,포수,5,0,9,0,0,8,0,0,1.000,0,0,0,-
62,코엔 윈,LG,투수,5,5,23,0,0,0,6,0,1.000,0,0,0,-
64,구본혁,LG,좌익수,4,2,16,0,0,2,0,0,1.000,0,0,0,-
64,김주성,LG,1루수,4,3,21,0,0,28,2,1,1.000,0,0,0,-
64,김진수,LG,투수,4,0,5,0,0,0,0,0,-,0,0,0,-
64,송찬의,LG,1루수,4,2,16,1,0,17,1,1,0.947,0,0,0,-
64,송찬의,LG,중견수,4,2,15,0,0,2,0,0,1.000,0,0,0,-
64,정우영,LG,투수,4,0,2 2/3,0,0,0,0,0,-,0,0,0,-
70,송찬의,LG,3루수,3,0,6,0,0,0,0,0,-,0,0,0,-
70,천성호,LG,우익수,3,3,17,0,0,1,0,0,1.000,0,0,0,-
72,김종운,LG,투수,2,0,1 2/3,0,0,0,0,0,-,0,0,0,-
72,김주성,LG,2루수,2,0,3,0,0,0,0,0,-,0,0,0,-
72,문정빈,LG,좌익수,2,2,7,0,0,4,0,0,1.000,0,0,0,-
72,문정빈,LG,우익수,2,1,8,0,0,0,0,0,-,0,0,0,-
72,박시원,LG,투수,2,0,1 1/3,0,0,0,0,0,-,0,0,0,-
72,손용준,LG,1루수,2,2,8,0,0,11,1,1,1.000,0,0,0,-
72,손용준,LG,3루수,2,2,13,1,0,1,3,2,0.800,0,0,0,-
72,신민재,LG,중견수,2,1,6,0,0,0,0,0,-,0,0,0,-
72,이영빈,LG,우익수,2,0,2,0,0,0,0,0,-,0,0,0,-
72,이종준,LG,투수,2,0,1 2/3,0,0,0,0,0,-,0,0,0,-
72,최승민,LG,우익수,2,0,2 1/3,0,0,0,0,0,-,0,0,0,-
83,김정율,LG,유격수,1,0,1,0,0,0,0,0,-,0,0,0,-
83,김주성,LG,3루수,1,1,4,1,0,0,2,0,0.667,0,0,0,-
83,김주성,LG,좌익수,1,0,1,0,0,0,0,0,-,0,0,0,-
83,김주온,LG,투수,1,1,1/3,0,0,0,0,0,-,0,0,0,-
83,김현종,LG,우익수,1,0,3,0,0,0,0,0,-,0,0,0,-
83,신민재,LG,유격수,1,0,6,0,0,0,2,0,1.000,0,0,0,-
83,최승민,LG,중견수,1,0,1,0,0,0,0,0,-,0,0,0,-
1,김주원,NC,유격수,140,139,1166,29,0,246,336,79,0.953,0,0,0,-
2,김휘집,NC,3루수,130,119,1005,19,0,106,193,20,0.940,0,0,0,-
3,김형준,NC,포수,123,107,906,4,1,782,78,8,0.995,6,47,26,35.6
4,권희동,NC,좌익수,103,82,669 1/3,1,0,135,7,0,0.993,0,0,0,-
5,박민우,NC,2루수,100,96,766 1/3,10,0,205,259,58,0.979,0,0,0,-
6,데이비슨,NC,1루수,87,87,660 1/3,2,0,572,46,53,0.997,0,0,0,-
7,최원준,NC,중견수,80,71,611 2/3,1,0,158,6,1,0.994,0,0,0,-
8,김진호,NC,투수,76,0,72 1/3,0,2,4,8,0,1.000,0,0,0,-
9,이우성,NC,좌익수,75,66,470 1/3,2,0,120,3,1,0.984,0,0,0,-
10,전사민,NC,투수,74,0,82 1/3,1,0,3,16,1,0.950,0,0,0,-
11,배재환,NC,투수,70,0,60 1/3,0,0,5,7,0,1.000,0,0,0,-
12,박건우,NC,우익수,69,64,458,1,0,83,5,1,0.989,0,0,0,-
13,최원준,NC,우익수,66,29,324 2/3,2,0,62,4,0,0.971,0,0,0,-
14,류진욱,NC,투수,62,0,66,1,0,4,13,3,0.944,0,0,0,-
15,천재환,NC,중견수,60,39,314 2/3,0,0,87,1,0,1.000,0,0,0,-
16,서호철,NC,1루수,55,27,272,1,0,241,7,26,0.996,0,0,0,-
17,천재환,NC,좌익수,53,5,174 1/3,1,0,43,0,0,0.977,0,0,0,-
18,손주환,NC,투수,52,0,51 2/3,1,0,5,0,0,0.833,0,0,0,-
18,천재환,NC,우익수,52,11,202,1,0,29,3,0,0.970,0,0,0,-
20,김영규,NC,투수,45,0,44,2,0,2,7,1,0.818,0,0,0,-
20,최정원,NC,중견수,45,18,210,0,0,52,2,0,1.000,0,0,0,-
22,홍종표,NC,2루수,44,10,164 1/3,2,0,46,50,12,0.980,0,0,0,-
23,박세혁,NC,포수,43,19,185 1/3,3,0,148,12,1,0.982,0,22,2,8.3
24,최성영,NC,투수,35,6,47 2/3,0,0,0,7,0,1.000,0,0,0,-
25,박시원,NC,우익수,34,4,93 1/3,0,0,18,0,0,1.000,0,0,0,-
26,로건,NC,투수,32,31,173,1,0,5,18,0,0.958,0,0,0,-
26,안중열,NC,포수,32,15,145 2/3,2,0,99,11,0,0.982,1,6,1,14.3
28,서호철,NC,2루수,31,23,179,3,0,42,58,10,0.971,0,0,0,-
28,서호철,NC,3루수,31,18,166 1/3,4,0,14,30,4,0.917,0,0,0,-
28,임정호,NC,투수,31,0,18 2/3,1,0,1,3,0,0.800,0,0,0,-
31,라일리,NC,투수,30,30,172,4,1,8,10,0,0.818,0,0,0,-
31,한석현,NC,중견수,30,20,186 2/3,1,0,49,2,0,0.981,0,0,0,-
33,김한별,NC,유격수,28,5,82,2,0,17,29,5,0.958,0,0,0,-
33,신민혁,NC,투수,28,28,132,2,0,6,13,2,0.905,0,0,0,-
35,김한별,NC,3루수,27,3,56 1/3,0,0,7,8,2,1.000,0,0,0,-
35,김한별,NC,2루수,27,7,85 1/3,0,0,10,26,5,1.000,0,0,0,-
37,이준혁,NC,투수,25,3,37,0,0,1,5,2,1.000,0,0,0,-
37,최정원,NC,2루수,25,7,89 1/3,0,0,22,28,5,1.000,0,0,0,-
39,권희동,NC,우익수,23,21,117,0,0,19,1,0,1.000,0,0,0,-
39,도태훈,NC,1루수,23,5,89,0,0,77,8,9,1.000,0,0,0,-
41,김재열,NC,투수,22,0,21 2/3,0,0,1,2,0,1.000,0,0,0,-
41,도태훈,NC,2루수,22,9,93 1/3,1,0,20,38,4,0.983,0,0,0,-
43,김녹원,NC,투수,21,16,70,2,0,1,7,0,0.800,0,0,0,-
43,김휘집,NC,1루수,21,6,74 1/3,0,0,62,5,10,1.000,0,0,0,-
45,김태훈,NC,투수,18,0,19,2,0,2,1,0,0.600,0,0,0,-
45,한석현,NC,우익수,18,3,70 1/3,0,0,20,2,0,1.000,0,0,0,-
47,목지훈,NC,투수,16,15,58,1,1,4,8,2,0.923,0,0,0,-
47,오영수,NC,1루수,16,7,64,1,0,52,3,6,0.982,0,0,0,-
49,이우성,NC,우익수,14,9,91 2/3,0,0,13,0,0,1.000,0,0,0,-
50,최정원,NC,좌익수,13,3,47 1/3,0,0,11,1,1,1.000,0,0,0,-
51,이용찬,NC,투수,12,3,15 1/3,0,0,0,1,0,1.000,0,0,0,-
51,최우석,NC,투수,12,0,14 1/3,0,0,0,1,0,1.000,0,0,0,-
51,한석현,NC,좌익수,12,3,41 2/3,0,0,4,0,0,1.000,0,0,0,-
54,도태훈,NC,3루수,11,2,28,1,0,1,4,0,0.833,0,0,0,-
55,하준영,NC,투수,10,0,5 1/3,1,0,0,1,0,0.500,0,0,0,-
56,이우성,NC,1루수,9,8,63,1,0,53,6,3,0.983,0,0,0,-
57,김정호,NC,포수,8,3,32,0,0,32,2,0,1.000,0,5,1,16.7
57,박시원,NC,중견수,8,6,41,0,0,9,0,0,1.000,0,0,0,-
57,신영우,NC,투수,8,3,14 1/3,0,0,2,2,0,1.000,0,0,0,-
60,김민규,NC,투수,7,0,4 2/3,0,0,0,1,0,1.000,0,0,0,-
60,박건우,NC,중견수,7,7,51,1,0,13,0,0,0.929,0,0,0,-
60,박민우,NC,1루수,7,1,20,0,0,20,0,1,1.000,0,0,0,-
60,소이현,NC,투수,7,0,8,0,0,0,0,0,-,0,0,0,-
60,임지민,NC,투수,7,0,4 2/3,0,0,0,0,0,-,0,0,0,-
60,홍종표,NC,3루수,7,3,29,0,0,4,6,0,1.000,0,0,0,-
66,고승완,NC,중견수,6,1,10 1/3,0,0,8,0,0,1.000,0,0,0,-
66,권희동,NC,중견수,6,4,22,0,0,5,0,0,1.000,0,0,0,-
66,김태경,NC,투수,6,4,11,1,0,0,1,0,0.500,0,0,0,-
66,도태훈,NC,유격수,6,0,21 2/3,1,0,2,9,1,0.917,0,0,0,-
66,조민석,NC,투수,6,2,13,2,0,0,1,0,0.333,0,0,0,-
66,한재환,NC,1루수,6,2,21,0,0,23,1,2,1.000,0,0,0,-
72,김태현,NC,투수,5,0,3,0,0,0,1,0,1.000,0,0,0,-
72,박영빈,NC,중견수,5,0,8,0,0,3,0,0,1.000,0,0,0,-
72,박한결,NC,좌익수,5,3,21,0,0,6,0,0,1.000,0,0,0,-
72,오태양,NC,2루수,5,0,8,1,0,2,4,1,0.857,0,0,0,-
72,오태양,NC,중견수,5,3,25,0,0,6,0,0,1.000,0,0,0,-
77,구창모,NC,투수,4,3,14 1/3,0,0,1,3,0,1.000,0,0,0,-
78,송승환,NC,좌익수,3,1,6,0,0,1,0,0,1.000,0,0,0,-
78,이우성,NC,중견수,3,1,12,0,0,4,0,0,1.000,0,0,0,-
78,한재환,NC,좌익수,3,1,9,0,0,2,0,0,1.000,0,0,0,-
81,고승완,NC,좌익수,2,0,7,0,0,1,0,0,1.000,0,0,0,-
81,박시원,NC,좌익수,2,1,12,0,0,6,0,0,1.000,0,0,0,-
81,안인산,NC,1루수,2,0,2,0,0,2,0,0,1.000,0,0,0,-
81,최원준,NC,좌익수,2,0,4,0,0,0,0,0,-,0,0,0,-
81,홍종표,NC,유격수,2,0,1 1/3,0,0,0,1,0,1.000,0,0,0,-
86,고승완,NC,우익수,1,0,3,0,0,0,0,0,-,0,0,0,-
86,권희동,NC,포수,1,0,1,0,0,1,0,0,1.000,0,0,0,-
86,권희동,NC,1루수,1,0,1/3,0,0,0,0,0,-,0,0,0,-
86,데이비슨,NC,투수,1,0,1/3,0,0,0,0,0,-,0,0,0,-
86,도태훈,NC,투수,1,0,1,0,0,0,0,0,-,0,0,0,-
86,송승환,NC,1루수,1,1,2,0,0,2,0,1,1.000,0,0,0,-
86,임상현,NC,투수,1,0,1,0,0,0,0,0,-,0,0,0,-
86,최원준,NC,1루수,1,0,2,0,0,1,0,0,1.000,0,0,0,-
86,최정원,NC,3루수,1,1,4,1,0,2,1,0,0.750,0,0,0,-
86,최정원,NC,우익수,1,0,4,0,0,1,0,0,1.000,0,0,0,-
86,한재환,NC,3루수,1,0,2 1/3,0,0,0,0,0,-,0,0,0,-
1,최지훈,SSG,중견수,136,128,1136,5,0,249,3,1,0.981,0,0,0,-
2,박성한,SSG,유격수,127,124,1065 1/3,20,0,222,340,90,0.966,0,0,0,-
3,고명준,SSG,1루수,123,120,986,3,0,850,81,91,0.997,0,0,0,-
3,정준재,SSG,2루수,123,102,932 2/3,9,0,214,297,78,0.983,0,0,0,-
5,조형우,SSG,포수,102,80,696 1/3,4,5,659,60,7,0.994,3,56,22,28.2
6,에레디아,SSG,좌익수,86,86,740 2/3,2,0,194,6,0,0.990,0,0,0,-
7,한유섬,SSG,우익수,81,79,642,2,0,122,3,1,0.984,0,0,0,-
8,노경은,SSG,투수,77,0,80,0,0,3,8,0,1.000,0,0,0,-
9,이로운,SSG,투수,75,0,77,0,1,2,13,0,1.000,0,0,0,-
10,이지영,SSG,포수,72,55,482 2/3,3,1,454,32,5,0.994,1,45,10,18.2
11,김민,SSG,투수,70,0,63 2/3,0,0,1,8,1,1.000,0,0,0,-
12,조병현,SSG,투수,69,0,67 1/3,0,0,0,6,1,1.000,0,0,0,-
13,오태곤,SSG,1루수,58,10,178 1/3,0,0,154,10,23,1.000,0,0,0,-
14,박시후,SSG,투수,52,1,52 1/3,3,0,5,13,0,0.857,0,0,0,-
15,최정,SSG,3루수,45,45,371,4,0,25,50,3,0.949,0,0,0,-
16,안상현,SSG,3루수,44,32,298 1/3,4,0,18,44,5,0.939,0,0,0,-
16,한두솔,SSG,투수,44,0,36 1/3,0,1,1,6,0,1.000,0,0,0,-
18,최민준,SSG,투수,40,8,65 2/3,0,0,4,4,0,1.000,0,0,0,-
19,김성현,SSG,3루수,37,17,182,4,0,9,30,1,0.907,0,0,0,-
20,김건우,SSG,투수,35,13,66,2,0,1,5,0,0.750,0,0,0,-
21,전영준,SSG,투수,34,5,52 2/3,0,0,0,9,0,1.000,0,0,0,-
21,최준우,SSG,좌익수,34,22,212,0,0,37,1,0,1.000,0,0,0,-
23,김성욱,SSG,우익수,32,16,164 2/3,0,0,33,0,0,1.000,0,0,0,-
23,김찬형,SSG,3루수,32,20,175 1/3,3,0,18,39,6,0.950,0,0,0,-
23,안상현,SSG,유격수,32,17,170 1/3,3,0,37,42,15,0.963,0,0,0,-
26,앤더슨,SSG,투수,30,30,171 2/3,4,0,11,11,0,0.846,0,0,0,-
27,김광현,SSG,투수,28,28,144,2,0,6,25,3,0.939,0,0,0,-
28,안상현,SSG,2루수,25,22,179 2/3,2,0,33,56,11,0.978,0,0,0,-
28,오태곤,SSG,좌익수,25,14,139,2,0,29,0,0,0.935,0,0,0,-
30,김택형,SSG,투수,24,0,22 2/3,0,0,2,3,1,1.000,0,0,0,-
30,화이트,SSG,투수,24,24,134 2/3,3,0,14,12,0,0.897,0,0,0,-
32,문승원,SSG,투수,23,21,105 1/3,0,1,4,17,0,1.000,0,0,0,-
32,신범수,SSG,포수,23,8,82 1/3,0,0,75,4,0,1.000,0,9,1,10.0
34,송영진,SSG,투수,21,8,63 1/3,2,0,4,6,1,0.833,0,0,0,-
34,오태곤,SSG,우익수,21,10,95 2/3,0,0,14,1,1,1.000,0,0,0,-
36,석정우,SSG,3루수,20,8,78 1/3,2,0,2,7,0,0.818,0,0,0,-
37,채현우,SSG,우익수,19,3,53 1/3,0,0,10,0,0,1.000,0,0,0,-
37,최준우,SSG,우익수,19,11,98 1/3,1,0,22,0,0,0.957,0,0,0,-
39,박기호,SSG,투수,18,1,24,0,0,0,4,1,1.000,0,0,0,-
39,박지환,SSG,3루수,18,17,138 1/3,5,0,12,26,1,0.884,0,0,0,-
41,김성욱,SSG,중견수,17,11,92,0,0,22,1,0,1.000,0,0,0,-
41,김성현,SSG,2루수,17,10,83 1/3,1,0,23,34,7,0.983,0,0,0,-
43,채현우,SSG,좌익수,14,7,66,1,0,13,0,0,0.929,0,0,0,-
43,최상민,SSG,우익수,14,0,23 2/3,0,0,6,0,0,1.000,0,0,0,-
45,최현석,SSG,투수,13,0,17 1/3,0,1,1,2,0,1.000,0,0,0,-
46,오태곤,SSG,중견수,12,5,49,0,0,11,0,0,1.000,0,0,0,-
46,정동윤,SSG,투수,12,0,17 1/3,1,0,1,3,1,0.800,0,0,0,-
48,하재훈,SSG,우익수,11,10,79 1/3,1,0,13,0,0,0.929,0,0,0,-
48,현원회,SSG,1루수,11,9,62,0,0,62,9,6,1.000,0,0,0,-
50,맥브룸,SSG,우익수,10,10,72,0,0,15,0,0,1.000,0,0,0,-
51,김성현,SSG,유격수,9,2,25,0,0,2,10,1,1.000,0,0,0,-
51,박지환,SSG,우익수,9,4,37,0,0,8,0,0,1.000,0,0,0,-
51,석정우,SSG,2루수,9,7,57,2,0,13,17,5,0.938,0,0,0,-
54,김찬형,SSG,유격수,8,1,18 2/3,1,0,3,6,2,0.900,0,0,0,-
55,김성욱,SSG,좌익수,7,4,35,0,0,8,0,0,1.000,0,0,0,-
55,김수윤,SSG,3루수,7,5,35,2,0,4,8,2,0.857,0,0,0,-
55,채현우,SSG,중견수,7,3,25,0,0,8,0,0,1.000,0,0,0,-
58,김찬형,SSG,2루수,6,3,22 2/3,0,0,5,4,0,1.000,0,0,0,-
58,맥브룸,SSG,1루수,6,5,45,0,0,43,5,5,1.000,0,0,0,-
58,이율예,SSG,포수,6,1,22,2,0,13,2,0,0.882,0,0,0,-
58,한유섬,SSG,좌익수,6,6,44,0,0,10,0,0,1.000,0,0,0,-
62,박종훈,SSG,투수,5,5,19,0,0,1,8,1,1.000,0,0,0,-
62,하재훈,SSG,좌익수,5,4,36,0,0,10,0,0,1.000,0,0,0,-
64,최상민,SSG,중견수,3,0,3,0,0,1,0,0,1.000,0,0,0,-
64,홍대인,SSG,2루수,3,0,6,1,0,0,1,0,0.500,0,0,0,-
66,김성민,SSG,투수,2,0,2/3,0,0,0,0,0,-,0,0,0,-
66,김창평,SSG,우익수,2,0,4,0,0,0,0,0,-,0,0,0,-
66,김태윤,SSG,2루수,2,0,2,0,0,0,1,0,1.000,0,0,0,-
66,김태윤,SSG,3루수,2,0,5,0,0,0,2,0,1.000,0,0,0,-
66,류효승,SSG,좌익수,2,1,5,0,0,0,0,0,-,0,0,0,-
66,서진용,SSG,투수,2,0,1 1/3,0,0,0,0,0,-,0,0,0,-
66,임근우,SSG,우익수,2,1,12,0,0,5,0,0,1.000,0,0,0,-
66,최상민,SSG,좌익수,2,0,4,0,0,0,0,0,-,0,0,0,-
66,최준우,SSG,1루수,2,0,10,0,0,7,1,0,1.000,0,0,0,-
75,김창평,SSG,중견수,1,0,2,0,0,0,0,0,-,0,0,0,-
75,김태윤,SSG,유격수,1,0,1,0,0,0,0,0,-,0,0,0,-
75,박지환,SSG,중견수,1,0,2,0,0,0,0,0,-,0,0,0,-
75,석정우,SSG,유격수,1,0,3,0,0,0,2,0,1.000,0,0,0,-
75,신지환,SSG,투수,1,0,1,0,0,0,0,0,-,0,0,0,-
75,이정범,SSG,1루수,1,0,2,0,0,1,0,0,1.000,0,0,0,-
75,정현승,SSG,좌익수,1,0,1 2/3,0,0,0,0,0,-,0,0,0,-
75,정현승,SSG,우익수,1,0,4 2/3,0,0,0,0,0,-,0,0,0,-
75,하재훈,SSG,중견수,1,0,1,0,0,0,0,0,-,0,0,0,-
