playerId,player_name,team,jersey_number,birthday,height,weight,position,batting_throwing,career,salary,contract,draft,join_year,collected_at
55208,케이브,두산 베어스,8.0,1992-12-04,183,90,외야수,좌투좌타,미국 Kecoughtan(고)-두산,800000달러,200000달러,25 두산 자유선발,25두산,2026-04-06
79231,정수빈,두산 베어스,31.0,1990-10-07,175,70,외야수,좌투좌타,수원신곡초-수원북중-유신고-두산-경찰,60000,6000,09 두산 2차 5라운드 39순위,09두산,2026-04-06
76232,양의지,두산 베어스,25.0,1987-06-05,180,95,포수,우투우타,송정동초-무등중-진흥고-두산-경찰-두산-NC,420000,3000,06 두산 2차 8라운드 59순위,06두산,2026-04-06
66112,김기연,두산 베어스,22.0,1997-09-07,178,106,포수,우투우타,광주수창초-진흥중-진흥고-LG,9500,7000,16 LG 2차 4라운드 34순위,17LG,2026-04-06
67266,박치국,두산 베어스,1.0,1998-03-10,177,78,투수,우언우타,인천숭의초-인천신흥중-제물포고,18700,14000,17 두산 2차 1라운드 10순위,17두산,2026-04-06
66291,이영하,두산 베어스,50.0,1997-11-01,192,91,투수,우투우타,영일초-강남중-선린인터넷고,60000,35000,16 두산 1차,17두산,2026-04-06
64153,양석환,두산 베어스,53.0,1991-07-15,185,90,내야수,우투우타,백운초-신일중-신일고-동국대-LG-상무-LG,30000,9000,14 LG 2차 3라운드 28순위,14LG,2026-04-06
50208,오명진,두산 베어스,6.0,2001-09-04,179,79,내야수,우투좌타,대전신흥초-한밭중-세광고,11200,5000,20 두산 2차 6라운드 59순위,20두산,2026-04-06
67207,이유찬,두산 베어스,13.0,1998-08-05,175,68,내야수,우투우타,동막초-천안북중-북일고-두산-상무,11200,6000,17 두산 2차 5라운드 50순위,17두산,2026-04-06
66209,조수행,두산 베어스,51.0,1993-08-30,178,73,외야수,우투좌타,노암초-경포중-강릉고-건국대-두산-상무,20000,14000,16 두산 2차 1라운드 5순위,16두산,2026-04-06
54263,김택연,두산 베어스,63.0,2005-06-03,181,88,투수,우투우타,동막초-상인천중-인천고,22000,35000,24 두산 1라운드 2순위,24두산,2026-04-06
63123,강승호,두산 베어스,23.0,1994-02-09,178,88,내야수,우투우타,순천북초-천안북중-북일고-LG-경찰-LG-SK,29800,20000,13 LG 1라운드 3순위,13LG,2026-04-06
68249,박신지,두산 베어스,49.0,1999-07-16,185,75,투수,우투우타,목암초(의정부리틀)-영동중-경기고-두산-상무,7000,14000,18 두산 2차 1라운드 10순위,18두산,2026-04-06
55252,박준순,두산 베어스,52.0,2006-07-13,180,80,내야수,우투우타,배봉초(동대문구리틀)-청량중-덕수고,6900,26000,25 두산 1라운드 6순위,25두산,2026-04-06
53554,김민석,두산 베어스,2.0,2004-05-09,185,83,외야수,우투좌타,신도초-휘문중-휘문고-롯데,8100,25000,23 롯데 1라운드 3순위,23롯데,2026-04-06
63257,김인태,두산 베어스,33.0,1994-07-03,178,78,외야수,좌투좌타,포항제철서초-천안북중-북일고-두산-경찰,8700,20000,13 두산 1라운드 4순위,13두산,2026-04-06
67263,최원준,두산 베어스,61.0,1994-12-21,182,91,투수,우언우타,수유초-신일중-신일고-동국대,40000,18000,17 두산 1차,18두산,2026-04-06
72523,고효준,울산 웨일즈,29.0,1983-02-08,179,81,투수,좌투좌타,서원초-세광중-세광고-롯데-SK-KIA-롯데-LG-SSG-두산,,11000,02 롯데 2차 1라운드 6순위,02롯데,2026-04-06
52206,최지강,두산 베어스,42.0,2001-07-23,180,88,투수,우투좌타,광주서석초-광주동성중-광주동성고-강릉영동대,8700,,22 두산 육성선수,22두산,2026-04-06
66928,박준영,두산 베어스,16.0,1997-08-05,180,90,내야수,우투우타,서울도곡초(남양주리틀)-잠신중-경기고-NC-두산,8500,20000,16 NC 1차,16NC,2026-04-06
78224,김재환,SSG 랜더스,32.0,1988-09-22,184,98,외야수,우투좌타,영랑초-상인천중-인천고-두산-상무-두산,50000,15000,08 두산 2차 1라운드 4순위,08두산,2026-04-06
54236,임종성,두산 베어스,3.0,2005-03-03,183,90,내야수,우투우타,본리초-대구중-경북고,4500,10000,24 두산 3라운드 22순위,24두산,2026-04-06
64468,박계범,두산 베어스,14.0,1996-01-11,177,84,내야수,우투우타,순천북초-순천이수중-효천고-삼성-상무-삼성,7700,11000,14 삼성 2차 2라운드 17순위,14삼성,2026-04-06
55239,잭로그,두산 베어스,39.0,1996-04-23,183,84,투수,좌투좌타,미국 Archbishop Moeller(고)-미국 Kentucky(대),700000달러,100000달러,25 두산 자유선발,25두산,2026-04-06
65639,박정수,두산 베어스,17.0,1996-01-29,178,74,투수,우언좌타,서울청구초-서울이수중-야탑고-KIA-경찰-KIA-NC,6400,5000,15 KIA 2차 7라운드 65순위,15KIA,2026-04-06
55257,콜어빈,두산 베어스,57.0,1994-01-31,193,102,투수,좌투좌타,미국 Servite(고)-미국 Oregon(대)-두산,800000달러,200000달러,25 두산 자유선발,25두산,2026-04-06
51264,최승용,두산 베어스,28.0,2001-05-11,190,87,투수,좌투좌타,양오초-모가중-소래고,15500,8000,21 두산 2차 2라운드 20순위,21두산,2026-04-06
52204,이병헌,두산 베어스,29.0,2003-06-04,183,95,투수,좌투좌타,역삼초-영동중-서울고,9400,27000,22 두산 1차,22두산,2026-04-06
61643,홍건희,KIA 타이거즈,52.0,1992-09-29,187,97,투수,우투우타,화순초-화순중-화순고-KIA-상무-KIA-두산,65000,14000,11 KIA 2라운드 9순위,11KIA,2026-04-06
55267,홍민규,KIA 타이거즈,67.0,2006-09-11,183,87,투수,우투좌타,서울논현초(용산구리틀)-대원중-야탑고,4300,10000,25 두산 3라운드 26순위,25두산,2026-04-06
68220,곽빈,두산 베어스,47.0,1999-05-28,187,95,투수,우투우타,서울학동초-자양중-배명고,30500,30000,18 두산 1차,18두산,2026-04-06
68269,김호준,두산 베어스,56.0,1998-05-17,180,82,투수,좌투좌타,원주일산초-성남성일중-안산공고,4200,,18 두산 육성선수,19두산,2026-04-06
55215,양재훈,두산 베어스,30.0,2003-05-01,186,89,투수,우투우타,부산수영초-사직중-개성고-동의과학대,4700,5000,25 두산 7라운드 66순위,25두산,2026-04-06
68830,김정우,두산 베어스,16.0,1999-05-15,183,87,투수,우투우타,소래초-동산중-동산고-SK-상무-SSG,3800,16000,18 SK 1차,18SK,2026-04-06
51203,안재석,두산 베어스,62.0,2002-02-15,185,75,내야수,우투좌타,성내초(강동구리틀)-배재중-서울고,6700,20000,21 두산 1차,21두산,2026-04-06
55268,최민석,두산 베어스,68.0,2006-07-02,188,84,투수,우투우타,중대초-양천중-서울고,6300,15000,25 두산 2라운드 16순위,25두산,2026-04-06
68362,추재현,키움 히어로즈,27.0,1999-02-22,178,85,외야수,좌투좌타,경수초(성동구리틀)-건대부중-신일고-히어로즈-키움-롯데-상무-롯데-두산,6000,8000,18 넥센 2차 3라운드 28순위,18넥센,2026-04-06
50204,박지훈,두산 베어스,37.0,2000-09-07,183,80,내야수,우투우타,김해삼성초-경남중-마산고,5200,6000,20 두산 2차 5라운드 49순위,20두산,2026-04-06
52267,김동준,두산 베어스,11.0,2002-09-04,193,100,내야수,좌투좌타,군산신풍초-군산중-군산상고,4100,13000,22 두산 2차 1라운드 9순위,22두산,2026-04-06
54219,류현준,두산 베어스,67.0,2005-03-25,182,92,포수,우투우타,문정초(송파구리틀)-배재중-장충고,3200,3000,24 두산 10라운드 92순위,24두산,2026-04-06
54205,여동건,상무,27.0,2005-08-04,175,75,내야수,우투우타,가동초-자양중-서울고-두산-상무,3300,15000,24 두산 2라운드 12순위,24두산,2026-04-06
52202,윤태호,두산 베어스,65.0,2003-10-10,190,88,투수,우투우타,상인천초-동인천중-인천고,3500,6000,22 두산 2차 5라운드 49순위,22두산,2026-04-06
69205,이교훈,두산 베어스,36.0,2000-05-29,181,83,투수,좌투좌타,구리초(남양주리틀)-청원중-서울고,3800,8000,19 두산 2차 3라운드 29순위,19두산,2026-04-06
54214,전다민,두산 베어스,9.0,2001-08-21,177,75,외야수,우투좌타,길동초-청원중-설악고-강릉영동대,3400,6000,24 두산 6라운드 52순위,24두산,2026-04-06
53259,최준호,두산 베어스,59.0,2004-06-03,188,90,투수,우투우타,온양온천초-온양중-북일고,4500,20000,23 두산 1라운드 9순위,23두산,2026-04-06
69238,김대한,두산 베어스,32.0,2000-12-06,185,83,외야수,우투우타,숭인초(강북구리틀)-덕수중-휘문고,3800,35000,19 두산 1차,19두산,2026-04-06
67246,김명신,두산 베어스,46.0,1993-11-29,178,90,투수,우투우타,남도초-대구중-경북고-경성대,10500,10000,17 두산 2차 2라운드 20순위,17두산,2026-04-06
65269,김민혁,두산 베어스,10.0,1996-05-03,188,100,내야수,우투우타,광주대성초-광주동성중-광주동성고,3300,10000,15 두산 2차 2라운드 16순위,17두산,2026-04-06
68200,김민규,두산 베어스,19.0,1999-05-07,183,90,투수,우투좌타,장평초(광진구리틀)-잠신중-휘문고-두산-상무,3700,8000,18 두산 2차 3라운드 30순위,18두산,2026-04-06
53262,김유성,두산 베어스,55.0,2002-01-01,190,98,투수,우투우타,김해삼성초-내동중-김해고-고려대(얼리 드래프트),3200,15000,23 두산 2라운드 19순위,23두산,2026-04-06
55226,김준상,두산 베어스,110.0,2004-08-02,184,75,내야수,우투좌타,부천상일초(부천원미리틀)-모가중-유신고-동의과학대,3100,,25 두산 육성선수,25두산,2026-04-06
53204,박민준,두산 베어스,26.0,2002-10-21,183,95,포수,우투우타,아라초-마산동중-용마고-동강대,3100,4000,23 두산 8라운드 79순위,24두산,2026-04-06
50211,제환유,두산 베어스,93.0,2000-09-30,183,76,투수,우투좌타,둔산초-공주중-공주고,3200,10000,20 두산 2차 2라운드 19순위,20두산,2026-04-06
66233,홍성호,두산 베어스,34.0,1997-07-15,187,98,외야수,우투좌타,인헌초-선린중-선린인터넷고,3500,7000,16 두산 2차 4라운드 36순위,16두산,2026-04-06
63202,장승현,삼성 라이온즈,46.0,1994-03-07,184,86,포수,우투우타,인천서림초-동산중-제물포고-두산-경찰-두산,4800,7000,13 두산 4라운드 36순위,13두산,2026-04-06
51298,박성재,두산 베어스,5.0,2002-11-18,186,98,내야수,우투우타,가산초-개성중-부산고-두산-상무,3100,3000,21 두산 2차 8라운드 80순위,21두산,2026-04-06
55224,이선우,두산 베어스,108.0,2006-04-04,182,80,내야수,우투좌타,일산신일초(일산서구리틀)-충암중-충암고,3100,7000,25 두산 5라운드 46순위,25두산,2026-04-06
50206,최종인,두산 베어스,40.0,2001-05-01,185,84,투수,우투우타,해강초-센텀중-부산고,3300,3000,20 두산 2차 9라운드 89순위,24두산,2026-04-06
55221,김한중,두산 베어스,95.0,2004-11-03,183,89,투수,우투우타,고명초-덕수중-경기상고-여주대,3100,,25 두산 육성선수,25두산,2026-04-06
74206,김재호,두산 베어스,,1985-03-21,181,75,내야수,우투우타,남정초-중앙중-중앙고-두산-상무-두산,,20000,04 두산 1차,04두산,2026-04-06
52208,천현재,두산 베어스,58.0,1999-07-05,183,90,외야수,우투좌타,연제초(부산남구리틀)-신정중-부경고-성균관대,3100,,22 두산 육성선수,25두산,2026-04-06
51269,강현구,두산 베어스,60.0,2002-06-16,186,98,외야수,우투우타,서울도림초(인천남동구리틀)-동산중-인천고-두산,3000,7000,21 두산 2차 3라운드 30순위,21두산,2026-04-06
55216,김성재,두산 베어스,20.0,2006-05-16,182,98,포수,우투우타,온곡초(남양주야놀유소년)-청원중-선린인터넷고,3100,4000,25 두산 8라운드 76순위,25두산,2026-04-06
69737,노시환,한화 이글스,8,2000-12-03,185,105,내야수,우투우타,부산수영초-경남중-경남고,100000,20000,19 한화 2차 1라운드 3순위,19한화,2026-04-07
78288,최재훈,한화 이글스,13,1989-08-27,178,94,포수,우투우타,화곡초-덕수중-덕수고-(방송통신대)-두산-경찰-두산,40000,,08 두산 육성선수,08두산,2026-04-07
79192,채은성,한화 이글스,22,1990-02-06,186,92,내야수,우투우타,순천북초-순천이수중-효천고-LG,40000,,09 LG 육성선수,14LG,2026-04-07
54795,황영묵,한화 이글스,95,1999-10-16,177,80,내야수,우투좌타,수진초-성일중-충훈고,9600,8000,24 한화 4라운드 31순위,24한화,2026-04-07
53764,문현빈,한화 이글스,51,2004-04-20,174,82,외야수,우투좌타,대전유천초-온양중-북일고,23000,15000,23 한화 2라운드 11순위,23한화,2026-04-07
76812,이재원,한화 이글스,20,1988-02-24,185,98,포수,우투우타,인천숭의초-상인천중-인천고-SK-상무-SK-SSG,10000,25000,06 SK 1차,06SK,2026-04-07
66657,이진영,한화 이글스,10,1997-07-21,183,89,외야수,우투우타,둔촌초-선린중-선린인터넷고-KIA-경찰-KIA,11000,5000,16 KIA 2차 6라운드 58순위,16KIA,2026-04-07
64006,심우준,한화 이글스,7,1995-04-28,183,75,내야수,우투우타,송정동초-언북중-경기고-(영남사이버대)-KT-상무-KT,40000,13000,14 KT 2차 특별 14순위,14KT,2026-04-07
67703,박상원,한화 이글스,58,1994-09-09,187,98,투수,우투우타,백운초-서울이수중-휘문고-연세대,26300,8000,17 한화 2차 3라운드 25순위,17한화,2026-04-07
65769,김범수,KIA 타이거즈,49,1995-10-03,181,92,투수,좌투좌타,온양온천초-온양중-북일고-한화,40000,20000,15 한화 1차,15한화,2026-04-07
61666,한승혁,KT 위즈,35,1993-01-03,185,100,투수,우투좌타,도신초-강남중-덕수고-(남부대)-KIA-한화,30000,18000,11 KIA 1라운드 8순위,11KIA,2026-04-07
53754,김서현,한화 이글스,44,2004-05-31,188,86,투수,우투우타,효제초-자양중-서울고,16800,50000,23 한화 1라운드 1순위,23한화,2026-04-07
54768,조동욱,한화 이글스,57,2004-11-02,190,82,투수,좌투좌타,소래초-영남중-장충고,8800,15000,24 한화 2라운드 11순위,24한화,2026-04-07
65703,이도윤,한화 이글스,5,1996-10-07,175,79,내야수,우투좌타,고명초-배재중-북일고,12100,8000,15 한화 2차 3라운드 24순위,15한화,2026-04-07
63765,김종수,한화 이글스,38,1994-06-03,180,88,투수,우투우타,성동초-덕수중-울산공고,11700,3000,13 한화 8라운드 74순위,13한화,2026-04-07
55734,플로리얼,한화 이글스,,1997-11-25,185,88,외야수,우투좌타,도미니카-한화,700000달러,50000달러,25 한화 자유선발,25한화,2026-04-07
68700,이원석,한화 이글스,37,1999-03-31,177,80,외야수,우투우타,화곡초-충암중-충암고,6500,8000,18 한화 2차 4라운드 34순위,19한화,2026-04-07
62700,하주석,한화 이글스,16,1994-02-25,185,92,내야수,우투좌타,강남초-덕수중-신일고-한화-상무,20000,30000,12 한화 1라운드 1순위,12한화,2026-04-07
55703,리베라토,한화 이글스,0,1995-12-18,185,79,외야수,좌투좌타,Esperanza Milena Martinez(고)-한화,205000달러,,25 한화 부상 대체 외국인선수,25한화,2026-04-07
66704,김태연,한화 이글스,25,1997-06-10,178,96,외야수,우투우타,서울청구초-덕수중-야탑고,13300,5000,16 한화 2차 6라운드 59순위,17한화,2026-04-07
55743,정우주,한화 이글스,61,2006-11-07,184,88,투수,우투우타,구남초(남양주리틀)-건대부중-전주고,7000,50000,25 한화 1라운드 2순위,25한화,2026-04-07
65707,주현상,한화 이글스,66,1992-08-10,177,92,투수,우투우타,청주우암초-청주중-청주고-동아대,18700,5000,15 한화 2차 7라운드 64순위,15한화,2026-04-07
77532,손아섭,한화 이글스,31,1988-03-18,174,84,외야수,우투좌타,양정초-개성중-부산고-롯데-NC,10000,8000,07 롯데 2차 4라운드 29순위,07롯데,2026-04-07
54755,와이스,한화 이글스,55,1996-12-10,193,95,투수,우투우타,미국 Wright State(대)-한화,600000달러,12000달러,24 한화 부상 대체 외국인선수,24한화,2026-04-07
55730,폰세,한화 이글스,30,1994-04-25,198,115,투수,우투우타,미국 California State(대)-한화,800000달러,200000달러,25 한화 자유선발,25한화,2026-04-07
65056,엄상백,한화 이글스,11,1996-10-04,187,72,투수,우언우타,역삼초-언북중-덕수고-KT-상무-KT,90000,23000,15 KT 1차,15KT,2026-04-07
76715,류현진,한화 이글스,99,1987-03-25,190,113,투수,좌투우타,창영초-동산중-동산고-(대전대)-한화-LA다저스-토론토,210000,25000,06 한화 2차 1라운드 2순위,06한화,2026-04-07
52701,문동주,한화 이글스,1,2003-12-23,188,97,투수,우투우타,광주화정초-무등중-진흥고,22000,50000,22 한화 1차,22한화,2026-04-07
54729,황준서,한화 이글스,29,2005-08-22,185,78,투수,좌투좌타,면일초(중랑구리틀)-상명중-장충고,8200,35000,24 한화 1라운드 1순위,24한화,2026-04-07
50707,최인호,한화 이글스,41,2000-01-30,178,82,외야수,우투좌타,송정동초-광주동성중-포항제철고-한화-상무,6400,6000,20 한화 2차 6라운드 58순위,20한화,2026-04-07
52764,허인서,한화 이글스,59,2003-07-11,182,93,포수,우투우타,순천북초-여수중-효천고-한화-상무,3600,11000,22 한화 2차 2라운드 11순위,22한화,2026-04-07
60768,이태양,KIA 타이거즈,44,1990-07-03,192,97,투수,우투좌타,여수서초-여수중-효천고-한화-SK-SSG-한화,27000,7000,10 한화 5라운드 36순위,10한화,2026-04-07
50704,임종찬,한화 이글스,9,2001-09-28,184,85,외야수,우투좌타,청주우암초-청주중-북일고,3500,9000,20 한화 2차 3라운드 28순위,20한화,2026-04-07
79608,안치홍,키움 히어로즈,9,1990-07-02,178,97,내야수,우투우타,구지초(구리리틀)-대치중-서울고-KIA-경찰-KIA-롯데-한화,20000,18000,09 KIA 2차 1라운드 1순위,09KIA,2026-04-07
69213,윤산흠,한화 이글스,49,1999-05-15,178,74,투수,우투우타,광주화정초-진흥중-영선고-한화-상무,4200,,19 두산 육성선수,21한화,2026-04-07
52704,이상혁,상무,31,2001-09-14,174,65,외야수,우투좌타,수원영화초(군포시리틀)-수원북중-장안고-강릉영동대-한화-상무,3500,,22 한화 육성선수,23한화,2026-04-07
52769,권광민,한화 이글스,17,1997-12-12,189,102,외야수,좌투좌타,서울청구초-홍은중-장충고,3600,,22 한화 2차 5라운드 41순위,16시카고컵스,2026-04-07
66715,김인환,한화 이글스,37,1994-01-28,186,100,내야수,우투좌타,화순초-화순중-화순고-성균관대-한화,5500,,16 한화 육성선수,18한화,2026-04-07
55764,권민규,한화 이글스,64,2006-05-13,188,90,투수,좌투좌타,청주석교초-세광중-세광고,3200,16000,25 한화 2라운드 12순위,25한화,2026-04-07
51715,김기중,상무,47,2002-11-16,186,96,투수,좌투좌타,의왕부곡초-매송중-유신고-한화-상무,6000,15000,21 한화 2차 1라운드 2순위,21한화,2026-04-07
50711,김승일,한화 이글스,14,2001-07-07,183,85,투수,우언우타,해강초(해운대리틀)-센텀중-경남고,3200,3000,20 한화 2차 10라운드 98순위,24한화,2026-04-07
65117,이상규,한화 이글스,18,1996-10-20,185,77,투수,우투우타,흥인초-청원중-청원고-LG,4000,4000,15 LG 2차 7라운드 70순위,19LG,2026-04-07
50705,강재민,한화 이글스,55,1997-04-03,180,89,투수,우언우타,양덕초-마산중-용마고-단국대,14500,8000,20 한화 2차 4라운드 38순위,20한화,2026-04-07
69766,유로결,한화 이글스,33,2000-05-30,186,83,외야수,우투우타,광주서림초-광주동성중-광주제일고,3300,11000,19 한화 2차 2라운드 13순위,19한화,2026-04-07
54702,원종혁,한화 이글스,48,2005-08-27,184,92,투수,우투우타,서울도곡초-휘문중-구리인창고,3200,3000,24 한화 9라운드 81순위,25한화,2026-04-07
55712,이승현,한화 이글스,60,2002-07-23,172,77,내야수,우투좌타,부천상인초(원미구리틀)-부천중-포항제철고-성균관대,3200,,25 한화 육성선수,25한화,2026-04-07
50709,박정현,한화 이글스,63,2001-07-27,183,80,내야수,우투우타,부천북초-부천중-유신고-한화-상무,3700,4000,20 한화 2차 8라운드 78순위,20한화,2026-04-07
52731,박준영,한화 이글스,96,2003-03-02,190,103,투수,우투우타,청주우암초(청주시리틀)-세광중-세광고,3300,20000,22 한화 2차 1라운드 1순위,22한화,2026-04-07
55710,이민재,한화 이글스,68,2004-03-07,184,80,외야수,우투좌타,호동초(안산리틀)-안산중-비봉고-동원과학기술대,3200,3000,25 한화 11라운드 102순위,25한화,2026-04-07
51762,장규현,한화 이글스,32,2002-06-28,183,96,포수,우투좌타,인성초(미추홀구리틀)-동인천중-인천고-한화-상무,3300,7000,21 한화 2차 4라운드 32순위,21한화,2026-04-07
64646,박찬호,두산 베어스,7,1995-06-05,178,72,내야수,우투우타,신답초-건대부중-장충고-KIA,80000,8000,14 KIA 2차 5라운드 50순위,14KIA,2026-04-07
65653,김호령,KIA 타이거즈,27,1992-04-30,178,85,외야수,우투우타,관산초-안산중앙중-군산상고-동국대-KIA-경찰,25000,3000,15 KIA 2차 10라운드 102순위,15KIA,2026-04-07
78122,김태군,KIA 타이거즈,42,1989-12-30,182,92,포수,우투우타,양정초-대동중-부산고-LG-NC-경찰-NC-삼성,60000,8000,08 LG 2차 3라운드 17순위,08LG,2026-04-07
68646,한준수,KIA 타이거즈,25,1999-02-13,184,95,포수,우투좌타,광주서석초-광주동성중-광주동성고,10000,16000,18 KIA 1차,18KIA,2026-04-07
55645,위즈덤,KIA 타이거즈,45,1991-08-27,188,99,내야수,우투우타,미국 Saint Mary's(대)-KIA,800000달러,200000달러,25 KIA 자유선발,25KIA,2026-04-07
66614,김규성,KIA 타이거즈,14,1997-03-08,185,88,내야수,우투좌타,갈산초-선린중-선린인터넷고,9000,4000,16 KIA 2차 7라운드 63순위,17KIA,2026-04-07
69636,오선우,KIA 타이거즈,56,1996-12-13,186,95,내야수,좌투좌타,성동초-자양중-배명고-인하대,12000,5000,19 KIA 2차 5라운드 50순위,19KIA,2026-04-07
66609,전상현,KIA 타이거즈,51,1996-04-18,180,88,투수,우투우타,남도초-경복중-대구상원고-KIA-상무,31000,7000,16 KIA 2차 4라운드 38순위,16KIA,2026-04-07
78603,김선빈,KIA 타이거즈,3,1989-12-18,165,77,내야수,우투우타,화순초-화순중-화순고-KIA-상무,60000,3000,08 KIA 2차 6라운드 43순위,08KIA,2026-04-07
63342,조상우,KIA 타이거즈,11,1994-09-04,186,97,투수,우투우타,서화초-상인천중-대전고-히어로즈-키움,40000,25000,13 넥센 1라운드 1순위,13넥센,2026-04-07
62947,나성범,KIA 타이거즈,47,1989-10-03,183,100,외야수,좌투좌타,광주대성초-진흥중-진흥고-연세대-NC,80000,30000,12 NC 2라운드 10순위,12NC,2026-04-07
52639,최지민,KIA 타이거즈,39,2003-09-10,185,100,투수,좌투좌타,강릉율곡초(강릉리틀)-경포중-강릉고,10000,15000,22 KIA 2차 1라운드 5순위,22KIA,2026-04-07
50662,정해영,KIA 타이거즈,62,2001-08-23,189,98,투수,우투우타,광주대성초-광주동성중-광주제일고,30000,20000,20 KIA 1차,20KIA,2026-04-07
65665,이준영,KIA 타이거즈,20,1992-08-10,177,85,투수,좌투좌타,군산남초-군산중-군산상고-중앙대-KIA-상무,20000,8000,15 KIA 2차 4라운드 42순위,15KIA,2026-04-07
50657,박민,KIA 타이거즈,2,2001-06-05,184,84,내야수,우투우타,갈산초-성남중-야탑고-KIA-상무,5500,15000,20 KIA 2차 1라운드 6순위,20KIA,2026-04-07
54610,성영탁,KIA 타이거즈,65,2004-07-28,180,89,투수,우투우타,동주초(부산서구리틀)-개성중-부산고,12000,3000,24 KIA 10라운드 96순위,25KIA,2026-04-07
51994,한재승,KIA 타이거즈,55,2001-11-21,180,90,투수,우투우타,동막초-상인천중-인천고-NC,7500,7000,21 NC 2차 4라운드 36순위,21NC,2026-04-07
69727,변우혁,KIA 타이거즈,29,2000-03-18,185,100,내야수,우투우타,일산초-현도중-북일고-한화-상무-한화,6500,18000,19 한화 1차,19한화,2026-04-07
64560,이창진,KIA 타이거즈,8,1991-03-04,173,85,외야수,우투우타,신도초-동인천중-인천고-건국대-롯데-KT-상무-KT,9000,5000,14 롯데 2차 6라운드 60순위,14롯데,2026-04-07
77637,양현종,KIA 타이거즈,54,1988-03-01,183,91,투수,좌투좌타,학강초-광주동성중-광주동성고-KIA-텍사스,80000,20000,07 KIA 2차 1라운드 1순위,07KIA,2026-04-07
67610,김석환,KIA 타이거즈,35,1999-02-28,187,97,외야수,좌투좌타,광주서석초-광주동성중-광주동성고,5500,9000,17 KIA 2차 3라운드 24순위,17KIA,2026-04-07
61353,고종욱,KIA 타이거즈,57,1989-01-11,184,83,외야수,우투좌타,역삼초-대치중-경기고-한양대-히어로즈-상무-히어로즈-SK-SSG,10000,8000,11 넥센 3라운드 19순위,11넥센,2026-04-07
54640,네일,KIA 타이거즈,40,1993-02-08,193,83,투수,우투우타,미국 Alabama at Birmingham(대),1600000달러,200000달러,24 KIA 자유선발,24KIA,2026-04-07
76225,김건국,KIA 타이거즈,43,1988-02-02,183,86,투수,우투우타,한서초(서부리틀)-청량중-덕수고-두산-KT-롯데,6500,13000,06 두산 2차 1라운드 6순위,06두산,2026-04-07
55633,올러,KIA 타이거즈,33,1994-10-17,193,102,투수,우투우타,미국 Northwestern State(대),700000달러,200000달러,25 KIA 자유선발,25KIA,2026-04-07
52605,김도영,KIA 타이거즈,5,2003-10-02,183,85,내야수,우투우타,광주대성초-광주동성중-광주동성고,25000,40000,22 KIA 1차,22KIA,2026-04-07
52667,윤도현,KIA 타이거즈,16,2003-05-07,181,84,내야수,우투우타,광주화정초-무등중-광주제일고,5500,10000,22 KIA 2차 2라운드 15순위,22KIA,2026-04-07
69620,김기훈,KIA 타이거즈,53,2000-01-03,184,93,투수,좌투좌타,광주수창초-무등중-광주동성고-KIA-상무,6500,35000,19 KIA 1차,19KIA,2026-04-07
69745,김도현,KIA 타이거즈,60,2000-09-15,183,87,투수,우투우타,길원초(동대문구리틀)-잠신중-신일고-한화,13000,8000,19 한화 2차 4라운드 33순위,19한화,2026-04-07
68928,김시훈,KIA 타이거즈,61,1999-02-24,188,95,투수,우투우타,양덕초-마산동중-마산고-NC,11000,20000,18 NC 1차,18NC,2026-04-07
67609,박정우,KIA 타이거즈,1,1998-02-01,175,68,외야수,좌투좌타,역삼초-언북중-덕수고,6000,5000,17 KIA 2차 7라운드 64순위,21KIA,2026-04-07
55636,박재현,KIA 타이거즈,15,2006-12-08,180,73,외야수,우투좌타,동막초-재능중-인천고,5000,10000,25 KIA 3라운드 25순위,25KIA,2026-04-07
69516,김현수,KIA 타이거즈,17,2000-07-10,185,90,투수,우투우타,효제초-홍은중-장충고-롯데-KIA-상무,5500,9000,19 롯데 2차 3라운드 28순위,19롯데,2026-04-07
52641,황동하,KIA 타이거즈,41,2002-07-30,183,96,투수,우투우타,진북초-전라중-인상고,8000,4000,22 KIA 2차 7라운드 65순위,23KIA,2026-04-07
65610,황대인,KIA 타이거즈,34,1996-02-10,178,100,내야수,우투우타,군산신풍초-자양중-경기고-KIA-상무,5500,16000,15 KIA 2차 1라운드 2순위,15KIA,2026-04-07
60337,김대유,KIA 타이거즈,69,1991-05-08,187,92,투수,좌투좌타,부산중앙초-부산중-부산고-히어로즈-SK-KT-LG,7000,6000,10 넥센 3라운드 18순위,10넥센,2026-04-07
53613,윤영철,KIA 타이거즈,13,2004-04-20,187,87,투수,좌투좌타,창서초(서대문구리틀)-충암중-충암고,10000,32000,23 KIA 1라운드 2순위,23KIA,2026-04-07
68619,윤중현,KIA 타이거즈,19,1995-04-25,180,84,투수,우언우타,광주서석초-무등중-광주제일고-성균관대,6000,4000,18 KIA 2차 9라운드 86순위,21KIA,2026-04-07
55663,이호민,KIA 타이거즈,63,2006-08-26,182,85,투수,우투우타,해남북일초(해남군리틀)-이평중BC-전주고,5500,15000,25 KIA 2라운드 15순위,25KIA,2026-04-07
62951,이형범,KIA 타이거즈,28,1994-02-27,181,80,투수,우투우타,화순초-화순중-화순고-NC-경찰-NC-두산,5500,7000,12 NC 특별 23순위,12NC,2026-04-07
53659,정해원,KIA 타이거즈,9,2004-05-21,185,87,외야수,우투우타,제주신광초-덕수중-휘문고,5000,10000,23 KIA 3라운드 22순위,23KIA,2026-04-07
63722,한승택,KT 위즈,45,1994-06-21,174,83,포수,우투우타,잠전초(남양주리틀)-잠신중-덕수고-한화-경찰-KIA,15000,9000,13 한화 3라운드 23순위,13한화,2026-04-07
51648,이의리,KIA 타이거즈,48,2002-06-16,185,90,투수,좌투좌타,광주수창초-충장중-광주제일고,13000,30000,21 KIA 1차,21KIA,2026-04-07
62754,임기영,삼성 라이온즈,38,1993-04-16,184,86,투수,우언우타,대구수창초-경운중-경북고-한화-상무-KIA,30000,11000,12 한화 2라운드 18순위,12한화,2026-04-07
53609,곽도규,KIA 타이거즈,0,2004-04-12,185,90,투수,좌투좌타,도척초-공주중-공주고,9000,6000,23 KIA 5라운드 42순위,23KIA,2026-04-07
55610,김태형,KIA 타이거즈,10,2006-12-15,184,95,투수,우투우타,화순초-거원중-덕수고,6000,30000,25 KIA 1라운드 5순위,25KIA,2026-04-07
55637,박헌,KIA 타이거즈,113,2006-01-05,185,90,외야수,좌투좌타,광주수창초-충장중-광주제일고,3500,3000,25 KIA 11라운드 105순위,25KIA,2026-04-07
78168,서건창,키움 히어로즈,14,1989-08-22,176,84,내야수,우투좌타,송정동초-충장중-광주제일고-LG-히어로즈-키움-LG-KIA,12000,,08 LG 육성선수,08LG,2026-04-07
66354,주효상,KIA 타이거즈,22,1997-11-11,183,95,포수,우투좌타,역북초-강남중-서울고-히어로즈-키움,5500,20000,16 넥센 1차,16넥센,2026-04-07
53615,이도현,KIA 타이거즈,66,2005-01-07,188,90,투수,우투우타,가동초-휘문중-휘문고,5000,4000,23 KIA 7라운드 62순위,25KIA,2026-04-07
72443,최형우,삼성 라이온즈,34,1983-12-16,180,106,외야수,우투좌타,진북초-전주동중-전주고-삼성-경찰-삼성-KIA,40000,5000,02 삼성 2차 6라운드 48순위,02삼성,2026-04-07
55632,이성원,KIA 타이거즈,58,2006-05-18,184,90,투수,우투우타,호동초(화성B리틀)-안산중앙중-유신고,3300,3000,25 KIA 10라운드 95순위,25KIA,2026-04-07
55926,정현창,KIA 타이거즈,12,2006-07-14,177,70,내야수,우투좌타,김해부곡초-부산토현중-부산공고-NC,5500,5000,25 NC 7라운드 67순위,25NC,2026-04-07
54645,김민주,KIA 타이거즈,49,2002-09-08,182,85,투수,우투우타,서울청담초(성동구리틀)-건대부중-배명고-강릉영동대,3100,5000,24 KIA 7라운드 66순위,24KIA,2026-04-07
50641,장재혁,KIA 타이거즈,38,2001-08-02,180,86,투수,우투우타,부산금강초(부산동래구리틀)-대신중-경남고,3400,5000,20 KIA 2차 6라운드 56순위,22KIA,2026-04-07
65464,최정용,KIA 타이거즈,23,1996-10-24,179,84,내야수,우투좌타,서원초-세광중-세광고-삼성-SK-상무,4500,11000,15 삼성 2차 2라운드 15순위,15삼성,2026-04-07
55646,김정엽,KIA 타이거즈,46,2006-04-18,185,96,투수,우투우타,부산수영초-개성중-부산고,3300,7000,25 KIA 5라운드 45순위,25KIA,2026-04-07
69643,홍원빈,KIA 타이거즈,,2000-10-16,195,101,투수,우투우타,안말초-강남중-덕수고-KIA,3000,13000,19 KIA 2차 1라운드 10순위,19KIA,2026-04-07
54608,김민재,상무,30,2003-07-08,188,85,투수,우투우타,효제초-청량중-신일고-동원과학기술대-KIA-상무,3100,4000,24 KIA 8라운드 76순위,24KIA,2026-04-07
67640,유승철,KIA 타이거즈,148,1998-03-02,184,87,투수,우투양타,순천북초-순천이수중-효천고,3800,18000,17 KIA 1차,17KIA,2026-04-07
50604,유지성,KIA 타이거즈,4,2000-11-15,189,94,투수,좌투좌타,수유초-자양중-북일고,3500,7000,20 KIA 2차 4라운드 36순위,20KIA,2026-04-07
50167,이주형,키움 히어로즈,2,2001-04-02,181,80,외야수,우투좌타,송수초(해운대리틀)-센텀중-경남고-LG,13500,15000,20 LG 2차 2라운드 13순위,20LG,2026-04-07
65357,송성문,키움 히어로즈,24,1996-08-29,183,88,내야수,우투좌타,봉천초(용산구리틀)-홍은중-장충고-히어로즈-키움-상무-키움,30000,8000,15 넥센 2차 5라운드 49순위,15넥센,2026-04-07
55392,어준서,키움 히어로즈,92,2006-11-27,183,87,내야수,우투좌타,수유초-자양중-경기고,5000,11000,25 키움 3라운드 21순위,25키움,2026-04-07
53312,김건희,키움 히어로즈,12,2004-11-07,186,96,포수,우투우타,대전신흥초-온양중-원주고,6200,22000,23 키움 1라운드 6순위,23키움,2026-04-07
76267,최주환,키움 히어로즈,53,1988-02-28,177,73,내야수,우투좌타,학강초-광주동성중-광주동성고-두산-상무-두산-SK-SSG,30000,6000,06 두산 2차 6라운드 46순위,06두산,2026-04-07
64984,김태진,키움 히어로즈,1,1995-10-07,169,73,내야수,우투좌타,수유초-신일중-신일고-NC-경찰-NC-KIA,10500,8000,14 NC 2차 4라운드 45순위,14NC,2026-04-07
62332,김재현,키움 히어로즈,32,1993-03-18,178,90,포수,우투우타,진북초-전라중-대전고-히어로즈-상무,10000,3000,12 넥센 8라운드 76순위,12넥센,2026-04-07
76118,원종현,키움 히어로즈,46,1987-07-31,182,88,투수,우언우타,군산중앙초-군산중-군산상고-LG-경찰-NC,50000,11000,06 LG 2차 2라운드 11순위,06LG,2026-04-07
53301,박윤성,키움 히어로즈,35,2004-02-08,183,96,투수,우투우타,부산수영초-개성중-경남고,6000,9000,23 키움 3라운드 26순위,24키움,2026-04-07
67116,오석주,키움 히어로즈,31,1998-04-14,180,74,투수,우투우타,양정초-대천중-제주고-LG,7800,6000,17 LG 2차 6라운드 52순위,19LG,2026-04-07
78756,오선진,키움 히어로즈,6,1989-07-07,178,80,내야수,우투우타,화곡초-성남중-성남고-한화-상무-한화-삼성-한화-롯데,8000,6000,08 한화 2차 4라운드 26순위,08한화,2026-04-07
69360,조영건,키움 히어로즈,20,1999-02-04,180,85,투수,우투우타,대전신흥초-충남중-백송고,6700,10000,19 넥센 2차 2라운드 14순위,19키움,2026-04-07
64340,임지열,키움 히어로즈,29,1995-08-22,180,94,외야수,우투우타,대전신흥초-건대부중-덕수고-히어로즈-경찰,11000,11000,14 넥센 2차 2라운드 22순위,14넥센,2026-04-07
53344,김동헌,키움 히어로즈,44,2004-07-15,182,91,포수,우투우타,영문초(영등포구리틀)-충암중-충암고,4300,15000,23 키움 2라운드 12순위,23키움,2026-04-07
66018,김선기,키움 히어로즈,49,1991-09-01,187,98,투수,우투우타,석교초-세광중-세광고-상무-히어로즈,8400,,18 넥센 2차 1라운드 8순위,09시애틀,2026-04-07
52330,주승우,키움 히어로즈,,2000-01-30,180,82,투수,우투우타,송추초(의정부리틀)-영동중-서울고-성균관대,7700,18000,22 키움 1차,22키움,2026-04-07
54444,카디네스,키움 히어로즈,4,1997-10-10,185,93,외야수,우투우타,미국 California State(대)-삼성-키움,450000달러,,24 삼성 자유선발,24삼성,2026-04-07
50357,박주홍,키움 히어로즈,57,2001-04-16,187,87,외야수,좌투좌타,자양초(하남시리틀)-건대부중-장충고,5500,20000,20 키움 1차,20키움,2026-04-07
52395,윤석원,키움 히어로즈,95,2003-07-04,185,81,투수,좌투좌타,부산대연초-개성중-부산고,6500,6000,22 키움 2차 4라운드 36순위,23키움,2026-04-07
69332,주성원,키움 히어로즈,25,2000-08-30,182,95,외야수,우투우타,부산대연초(남구리틀)-부산신정중-개성고,5000,8000,19 넥센 2차 3라운드 24순위,19키움,2026-04-07
55397,전태현,고양 히어로즈,97,2006-03-02,180,82,내야수,우투좌타,양덕초-마산동중-용마고,3500,8000,25 키움 5라운드 41순위,25키움,2026-04-07
55301,이준우,키움 히어로즈,42,2001-03-02,183,93,투수,우투우타,문현초(해운대리틀)-센텀중-경남고,3300,,25 키움 육성선수,25키움,2026-04-07
54394,송지후,키움 히어로즈,86,2005-01-08,175,74,내야수,우투우타,광주수창초-진흥중-광주제일고,3600,5000,24 키움 6라운드 59순위,24키움,2026-04-07
67828,김성민,키움 히어로즈,8,1994-04-26,181,90,투수,좌투좌타,대구옥산초-경복중-대구상원고-일본경제대-SK-히어로즈,9000,13000,17 SK 2차 1라운드 6순위,17SK,2026-04-07
50036,이강준,고양 히어로즈,11,2001-12-14,180,80,투수,우투우타,서당초-설악중-설악고-KT-롯데-키움-상무,4000,9000,20 KT 2차 3라운드 22순위,20KT,2026-04-07
52366,푸이그,키움 히어로즈,,1990-12-07,188,108,외야수,우투우타,쿠바 EIEFD(대)-키움,1000000달러,300000달러,22 키움 자유선발,22키움,2026-04-07
64350,하영민,키움 히어로즈,50,1995-05-07,183,74,투수,우투우타,광주수창초-진흥중-진흥고-히어로즈,21000,15000,14 넥센 2차 1라운드 4순위,14넥센,2026-04-07
54362,전준표,키움 히어로즈,62,2005-05-07,186,90,투수,우투우타,잠일초(강동구리틀)-잠신중-서울고,3500,21000,24 키움 1라운드 8순위,24키움,2026-04-07
54368,김연주,키움 히어로즈,68,2004-02-27,175,75,투수,우투우타,대전신흥초-충남중-세광고,4500,9000,24 키움 3라운드 29순위,24키움,2026-04-07
54319,김윤하,키움 히어로즈,19,2005-03-07,185,90,투수,우투우타,와부초(남양주리틀)-덕수중-장충고,4200,20000,24 키움 1라운드 9순위,24키움,2026-04-07
52305,박수종,키움 히어로즈,87,1999-02-25,178,82,외야수,우투우타,도신초-강남중-충암고-경성대,4000,,22 키움 육성선수,23키움,2026-04-07
69045,알칸타라,키움 히어로즈,54,1992-12-04,193,100,투수,우투우타,도미니카 Liceo secundario Emma Balaguer(고)-KT-두산,700000달러,,19 KT 자유선발,19KT,2026-04-07
64346,임병욱,키움 히어로즈,17,1995-09-30,187,94,외야수,우투좌타,수원신곡초-배명중-덕수고-히어로즈-키움-상무,5800,20000,14 넥센 1차,14넥센,2026-04-07
69328,박주성,키움 히어로즈,0,2000-11-09,181,90,투수,우투우타,경동초(성동구리틀)-건대부중-경기고-키움-상무,4700,15000,19 넥센 1차,19키움,2026-04-07
67365,양지율,고양 히어로즈,55,1998-12-16,185,103,투수,우투우타,서울청구초-홍은중-장충고-넥센,3300,9000,17 넥센 2차 2라운드 17순위,19키움,2026-04-07
55313,정현우,키움 히어로즈,13,2006-04-13,181,91,투수,좌투좌타,홍제초(서대문구리틀)-충암중-덕수고,4000,50000,25 키움 1라운드 1순위,25키움,2026-04-07
55393,여동욱,키움 히어로즈,93,2005-11-10,180,90,내야수,우투우타,남도초-협성경복중-대구상원고,3200,10000,25 키움 3라운드 27순위,25키움,2026-04-07
55396,윤현,고양 히어로즈,96,2006-10-20,187,90,투수,우투우타,가동초-자양중-경기고,3200,8000,25 키움 4라운드 31순위,25키움,2026-04-07
55394,박정훈,키움 히어로즈,94,2006-03-23,192,103,투수,좌투좌타,삼일초-매향중-비봉고,3300,10000,25 키움 3라운드 28순위,25키움,2026-04-07
55322,로젠버그,키움 히어로즈,,1995-07-09,186,90,투수,좌투좌타,미국 California State(대)-키움,700000달러,,25 키움 자유선발,25키움,2026-04-07
55326,스톤,키움 히어로즈,,1995-11-22,185,103,외야수,우투우타,미국 George Ranch(고)-키움,35000달러,,25 키움 부상 대체 외국인선수,25키움,2026-04-07
78135,이형종,키움 히어로즈,36,1989-06-07,183,87,외야수,우투우타,화곡초-양천중-서울고-LG,60000,43000,08 LG 1차,08LG,2026-04-07
53164,김동규,키움 히어로즈,99,2004-07-09,194,100,투수,우투우타,서울청구초-영남중-성남고-LG,3500,13000,23 LG 2라운드 17순위,23LG,2026-04-07
54307,원성준,고양 히어로즈,33,2000-03-31,181,80,외야수,우투좌타,고명초-서울이수중-경기고-성균관대,3700,,24 키움 육성선수,24키움,2026-04-07
55342,메르세데스,키움 히어로즈,42,1994-03-08,188,82,투수,좌투양타,도미니카 Colegio Nueva Esperanza(고)-키움,200000달러,,25 키움 자유선발,25키움,2026-04-07
55371,권혁빈,고양 히어로즈,101,2005-11-04,185,75,내야수,우투우타,칠성초-경상중-대구고,3100,5000,25 키움 7라운드 61순위,25키움,2026-04-07
55370,양현종,키움 히어로즈,60,2006-08-15,177,84,내야수,우투우타,대구옥산초-협성경복중-대구고,3100,7000,25 키움 6라운드 51순위,25키움,2026-04-07
74163,이용규,키움 히어로즈,15,1985-08-26,170,74,외야수,좌투좌타,성동초-잠신중-덕수정보고-LG-KIA-한화,12000,,04 LG 2차 2라운드 15순위,04LG,2026-04-07
54344,고영우,상무,23,2001-06-21,173,80,내야수,우투우타,부산대연초(사상구리틀)-대동중-경남고-성균관대-키움-상무,3800,7000,24 키움 4라운드 39순위,24키움,2026-04-07
51359,장재영,상무,16,2002-05-10,187,83,외야수,우투우타,갈산초-서울신월중-덕수고-키움-상무,4800,90000,21 키움 1차,21키움,2026-04-07
50304,김병휘,키움 히어로즈,23,2001-02-16,177,79,내야수,우투우타,효제초-홍은중-장충고,3400,7000,20 키움 2차 4라운드 37순위,20키움,2026-04-07
55339,염승원,키움 히어로즈,39,2006-03-20,180,78,내야수,우투좌타,고명초-휘문중-휘문고,3100,16000,25 키움 2라운드 11순위,25키움,2026-04-07
62925,강진성,키움 히어로즈,,1993-10-19,176,89,내야수,우투우타,가동초-잠신중-경기고-NC-경찰-NC-두산-SSG-키움,5500,7000,12 NC 4라운드 33순위,12NC,2026-04-07
55359,김서준,고양 히어로즈,59,2006-12-22,187,83,투수,우투좌타,고양화정초(일산서구리틀)-원당중-충훈고,3000,22000,25 키움 1라운드 7순위,25키움,2026-04-07
65898,김웅빈,키움 히어로즈,10,1996-02-09,182,97,내야수,우투좌타,서라벌초-울산제일중-울산공고-히어로즈-상무,4200,8000,15 SK 2차 3라운드 27순위,16넥센,2026-04-07
55300,손힘찬,고양 히어로즈,100,2002-07-17,191,88,투수,우투우타,화산초(수원영통구리틀)-현도중-세광고-동아대,3100,,25 키움 육성선수,25키움,2026-04-07
55348,웰스,LG 트윈스,68,1997-02-27,185,83,투수,좌투좌타,호주 Hunter Sports(고)-키움,200000달러,,25 키움 부상 대체 외국인선수,25키움,2026-04-07
55382,임진묵,키움 히어로즈,69,2006-04-23,181,85,투수,우투우타,천안청룡초-상명중-경기상고,3100,4000,25 키움 9라운드 81순위,25키움,2026-04-07
55377,정세영,키움 히어로즈,64,2006-09-23,177,82,투수,좌투좌타,서울학동초-언북중-경기상고,3100,4000,25 키움 8라운드 71순위,25키움,2026-04-07
68305,변상권,울산 웨일즈,5,1997-04-04,180,84,외야수,우투좌타,인천서림초-상인천중-제물포고-인천재능대-넥센-키움-상무-키움,3000,,18 넥센 육성선수,20키움,2026-04-07
53309,서유신,고양 히어로즈,104,2000-08-17,176,76,내야수,우투우타,광주수창초-충장중-화순고-원광대,3100,3000,23 키움 11라운드 106순위,25키움,2026-04-07
54363,손현기,고양 히어로즈,63,2005-10-22,188,88,투수,좌투좌타,순천북초-순천이수중-전주고,3100,12000,24 키움 2라운드 19순위,24키움,2026-04-07
51302,이주형,고양 히어로즈,58,2002-07-05,183,105,내야수,좌투좌타,이매초-매송중-야탑고-키움-상무,3800,6000,21 키움 2차 4라운드 39순위,21키움,2026-04-07
53302,이승원,상무,50,2004-07-02,185,75,내야수,우투우타,도봉초(노원구리틀)-상명중-덕수고-키움-상무,3300,7000,23 키움 4라운드 36순위,23키움,2026-04-07
75566,이원석,키움 히어로즈,17,1986-10-21,181,82,내야수,우투우타,학강초-광주동성중-광주동성고-(세민디지털대)-롯데-두산-상무-두산-삼성-키움,30000,13000,05 롯데 2차 2라운드 9순위,05롯데,2026-04-07
54305,이재상,고양 히어로즈,5,2005-04-17,183,85,내야수,우투우타,갈산초-성남중-성남고,3100,13000,24 키움 2라운드 16순위,24키움,2026-04-07
51003,권동진,KT 위즈,52,1998-09-12,178,83,내야수,우투좌타,제주신광초-세광중-세광고-원광대-KT-상무,7200,15000,21 KT 2차 1라운드 5순위,21KT,2026-04-07
79240,허경민,KT 위즈,13,1990-08-26,176,69,내야수,우투우타,송정동초-충장중-광주제일고-두산-경찰-두산,70000,13000,09 두산 2차 1라운드 7순위,09두산,2026-04-07
78548,장성우,KT 위즈,22,1990-01-17,187,100,포수,우투우타,감천초-경남중-경남고-롯데-경찰-롯데,30000,20000,08 롯데 1차,08롯데,2026-04-07
79402,김상수,KT 위즈,7,1990-03-23,175,68,내야수,우투우타,대구옥산초-경복중-경북고-삼성,40000,28000,09 삼성 1차,09삼성,2026-04-07
52001,안현민,KT 위즈,23,2003-08-22,183,90,외야수,우투우타,임호초(김해리틀)-개성중-마산고,18000,7000,22 KT 2차 4라운드 38순위,22KT,2026-04-07
64166,배정대,KT 위즈,27,1995-06-12,185,80,외야수,우투우타,도신초-성남중-성남고-(디지털문예대)-LG-KT-경찰,26000,15000,14 LG 2차 1라운드 3순위,14LG,2026-04-07
64004,김민혁,KT 위즈,53,1995-11-21,181,71,외야수,우투좌타,광주서석초-배재중-배재고-KT-상무,29000,6000,14 KT 2차 6라운드 56순위,14KT,2026-04-07
76313,황재균,KT 위즈,10,1987-07-28,183,96,내야수,우투우타,사당초-서울이수중-경기고-현대-히어로즈-롯데-샌프란시스코-KT,50000,6000,06 현대 2차 3라운드 24순위,06현대,2026-04-07
52060,박영현,KT 위즈,60,2003-10-11,183,91,투수,우투우타,부천북초-부천중-유신고,30000,30000,22 KT 1차,22KT,2026-04-07
64115,장준원,KT 위즈,56,1995-11-21,183,77,내야수,우투우타,경운초(김해시리틀)-개성중-경남고-LG,6600,10000,14 LG 2차 2라운드 23순위,14LG,2026-04-07
68089,조대현,KT 위즈,42,1999-08-06,183,81,포수,우투우타,길동초-매송중-유신고,6100,4000,18 KT 2차 10라운드 91순위,21KT,2026-04-07
64007,문상철,KT 위즈,24,1991-04-06,184,85,내야수,우투우타,중대초-잠신중-배명고-고려대-KT-상무,13500,13000,14 KT 2차 특별 11순위,14KT,2026-04-07
65048,김민수,KT 위즈,26,1992-07-24,188,80,투수,우투우타,청원초-청원중-청원고-성균관대-KT-상무,20000,11000,15 KT 2차 특별 11순위,15KT,2026-04-07
69041,손동현,KT 위즈,41,2001-01-23,183,88,투수,우투우타,염창초(강서구리틀)-덕수중-성남고-KT-상무,15000,9000,19 KT 2차 3라운드 21순위,19KT,2026-04-07
67025,로하스,KT 위즈,,1990-05-24,189,102,외야수,우투양타,미국 Wabash Valley(대)-KT,1500000달러,100000달러,17 KT 자유선발,17KT,2026-04-07
73117,우규민,KT 위즈,12,1985-01-21,184,75,투수,우언우타,성동초-휘문중-휘문고-LG-경찰-LG-삼성,20000,12000,03 LG 2차 3라운드 19순위,03LG,2026-04-07
54063,원상현,KT 위즈,63,2004-10-16,183,83,투수,우투우타,가산초(부산진구리틀)-개성중-부산고,7000,23000,24 KT 1라운드 7순위,24KT,2026-04-07
64504,오윤석,KT 위즈,4,1992-02-24,180,87,내야수,우투우타,화중초-자양중-경기고-연세대-롯데-상무-롯데,13500,,14 롯데 육성선수,15롯데,2026-04-07
69054,이상동,KT 위즈,37,1995-11-24,181,88,투수,우투우타,대구옥산초-경복중-경북고-영남대,10000,8000,19 KT 2차 4라운드 31순위,19KT,2026-04-07
66706,장진혁,KT 위즈,51,1993-09-30,184,90,외야수,우투좌타,광주화정초-충장중-광주제일고-단국대-한화,9000,7000,16 한화 2차 4라운드 39순위,18한화,2026-04-07
55013,스티븐슨,KT 위즈,3,1994-06-01,0,0,외야수,좌투좌타,KT,200000달러,,25 KT 자유선발,25KT,2026-04-07
65060,주권,KT 위즈,38,1995-05-31,181,82,투수,우투우타,청주우암초-청주중-청주고,15000,30000,15 KT 우선지명,15KT,2026-04-07
50066,강현우,KT 위즈,55,2001-04-13,180,90,포수,우투우타,원종초(부천시리틀)-부천중-유신고,5500,15000,20 KT 2차 1라운드 2순위,20KT,2026-04-07
54354,헤이수스,KT 위즈,65,1996-12-10,192,104,투수,좌투좌타,베네수엘라 Juanita Hernandez(고)-키움-KT,800000달러,,24 키움 자유선발,24키움,2026-04-07
64001,고영표,KT 위즈,1,1991-09-16,187,88,투수,우언우타,광주대성초-광주동성중-화순고-동국대,260000,13000,14 KT 2차 1라운드 10순위,14KT,2026-04-07
50030,소형준,KT 위즈,30,2001-09-16,189,92,투수,우투우타,호암초(의정부리틀)-구리인창중-유신고,33000,36000,20 KT 1차,20KT,2026-04-07
50859,오원석,KT 위즈,47,2001-04-23,182,80,투수,좌투좌타,수진초-매송중-야탑고-SK-SSG,23000,20000,20 SK 1차,20SK,2026-04-07
67644,이정훈,KT 위즈,33,1994-12-07,185,90,외야수,우투좌타,교문초-배재중-휘문고-경희대-KIA-상무-KIA-롯데,7100,3000,17 KIA 2차 10라운드 94순위,17KIA,2026-04-07
67006,안치영,KT 위즈,8,1998-05-29,176,72,외야수,우투좌타,중동초(원미구리틀)-천안북중-북일고,5000,6000,17 KT 2차 6라운드 51순위,17KT,2026-04-07
69047,전용주,KT 위즈,29,2000-02-12,188,87,투수,좌투좌타,양진초(안성시리틀)-성일중-안산공고,4200,20000,19 KT 1차,19KT,2026-04-07
51007,최성민,KT 위즈,31,2002-07-05,179,84,외야수,좌투좌타,송정동초-무등중-광주동성고,3300,,21 KT 2차 6라운드 55순위,23KT,2026-04-07
67419,문용익,KT 위즈,18,1995-02-04,178,93,투수,우투우타,덕양초-양천중-청원고-세계사이버대-삼성,7000,5000,17 삼성 2차 6라운드 59순위,19삼성,2026-04-07
79140,최동환,KT 위즈,16,1989-09-19,184,83,투수,우투우타,인헌초-선린중-경동고-LG,11000,12000,09 LG 2차 2라운드 13순위,09LG,2026-04-07
69032,쿠에바스,KT 위즈,,1990-10-14,188,98,투수,우투양타,베네수엘라 Carabobo(대)-KT,1000000달러,250000달러,19 KT 자유선발,19KT,2026-04-07
51013,유준규,KT 위즈,67,2002-08-16,176,69,외야수,우투좌타,군산신풍초-군산중-군산상고,3400,8000,21 KT 2차 3라운드 25순위,21KT,2026-04-07
69064,강민성,KT 위즈,5,1999-12-08,180,85,내야수,우투우타,대구옥산초-경상중-경북고,4200,6000,19 KT 2차 6라운드 51순위,23KT,2026-04-07
55032,패트릭,KT 위즈,32,1995-06-10,196,96,투수,우투우타,미국 Hamilton(고)-KT,274000달러,,25 KT 자유선발,25KT,2026-04-07
68504,이호연,KIA 타이거즈,36,1995-06-03,177,87,내야수,우투좌타,광주수창초-진흥중-광주제일고-성균관대-롯데-KT,7000,6000,18 롯데 2차 6라운드 53순위,18롯데,2026-04-07
69056,박민석,울산 웨일즈,2,2000-04-13,178,70,내야수,우투우타,성동초-덕수중-장충고-KT,3000,7000,19 KT 2차 5라운드 41순위,19KT,2026-04-07
68896,이채호,KT 위즈,17,1998-11-23,185,85,투수,우언우타,동광초(김해시리틀)-원동중-용마고-SK-SSG,5200,5000,18 SK 2차 6라운드 55순위,18SK,2026-04-07
69113,임준형,KT 위즈,14,2000-11-16,180,82,투수,좌투좌타,광주서석초-진흥중-진흥고-LG-상무-LG,5500,4000,19 LG 2차 8라운드 75순위,21LG,2026-04-07
50092,윤준혁,NC 다이노스,31,2001-07-26,186,86,내야수,우투우타,역촌초(은평구리틀)-충암중-충암고-KT,3500,8000,20 KT 2차 4라운드 32순위,20KT,2026-04-07
65516,배제성,KT 위즈,19,1996-09-29,189,85,투수,우투좌타,백마초-성남중-성남고-롯데-KT-상무,20000,3000,15 롯데 2차 9라운드 88순위,15롯데,2026-04-07
50650,최용준,SSG 랜더스,67,2001-12-19,192,105,투수,우투우타,양산신양초(양산시리틀)-경남중-부산공고-KIA-KT,3000,3000,20 KIA 2차 10라운드 96순위,21KIA,2026-04-07
55046,박건우,KT 위즈,46,2006-11-28,182,95,투수,우투우타,서울행당초(성동구유소년야구단)-충암중-충암고,3200,12000,25 KT 2라운드 19순위,25KT,2026-04-07
67048,이정현,KT 위즈,21,1997-12-05,188,93,투수,우투우타,무학초-마산동중-용마고,3700,16000,17 KT 2차 1라운드 1순위,17KT,2026-04-07
68050,강백호,한화 이글스,50,1999-07-29,184,98,내야수,우투좌타,부천북초-서울이수중-서울고-KT,90000,45000,18 KT 2차 1라운드 1순위,18KT,2026-04-07
55043,김재원,KT 위즈,43,2006-08-21,190,90,투수,우투우타,서울청구초-홍은중-장충고,3200,10000,25 KT 3라운드 29순위,25KT,2026-04-07
55040,김동현,KT 위즈,40,2006-01-21,193,97,투수,우투우타,신천초(고양덕양구리틀)-잠신중-서울고,3200,20000,25 KT 1라운드 9순위,25KT,2026-04-07
52002,김병준,상무,14,2003-07-03,175,80,외야수,우투좌타,창촌초(안산리틀)-안산중앙중-유신고-KT-상무,3600,3000,22 KT 2차 9라운드 88순위,23KT,2026-04-07
64012,송민섭,KT 위즈,28,1991-08-02,177,80,외야수,우투우타,청파초(안산리틀)-선린중-선린인터넷고-단국대-KT-상무-KT,6000,,14 KT 육성선수,15KT,2026-04-07
64768,조이현,KT 위즈,54,1995-06-27,185,95,투수,우투좌타,송정동초-배재중-제주고-한화-SK-상무-SK-SSG,6300,7000,14 한화 2차 5라운드 47순위,14한화,2026-04-07
53006,강건,KT 위즈,99,2004-07-12,183,85,투수,우투우타,원일초(영통구리틀)-매향중-장안고,3400,3000,23 KT 11라운드 110순위,23KT,2026-04-07
54097,김민석,KT 위즈,44,2005-07-22,181,93,포수,우투우타,창영초-동인천중-제물포고,3200,3000,24 KT 10라운드 97순위,24KT,2026-04-07
55005,오서진,KT 위즈,25,2005-06-22,188,80,내야수,우투우타,수원신곡초-수원북중-유신고,3200,6000,25 KT 6라운드 59순위,25KT,2026-04-07
51058,한차현,KT 위즈,2,1998-11-30,180,80,투수,우투우타,사능초(남양주리틀)-청원중-포항제철고-성균관대,4000,10000,21 KT 2차 2라운드 15순위,21KT,2026-04-07
51005,김건형,KT 위즈,0,1996-07-12,182,83,외야수,우투좌타,먼우금초-Lesbois(중)-Timberline(고)-Boise State(대)-KT,3300,4000,21 KT 2차 8라운드 75순위,21KT,2026-04-07
73113,박경수,KT 위즈,73,1984-03-31,178,80,,우투우타,미성초-성남중-성남고-LG-KT,,,03 LG 1차,03LG,2026-04-07
62415,박해민,LG 트윈스,17,1990-02-24,180,75,외야수,우투좌타,영중초-양천중-신일고-한양대-삼성,80000,,12 삼성 육성선수,12삼성,2026-04-07
79365,박동원,LG 트윈스,27,1990-04-07,178,92,포수,우투우타,양정초-개성중-개성고-히어로즈-상무-히어로즈-키움-KIA,50000,6000,09 히어로즈 2차 3라운드 19순위,09히어로즈,2026-04-07
65207,신민재,LG 트윈스,4,1996-01-21,171,67,내야수,우투좌타,서흥초-동인천중-인천고,38000,,15 두산 육성선수,19LG,2026-04-07
79109,오지환,LG 트윈스,10,1990-03-12,185,80,내야수,우투좌타,군산초-자양중-경기고,140000,28000,09 LG 1차,09LG,2026-04-07
53123,오스틴,LG 트윈스,23,1993-10-14,183,97,내야수,우투우타,미국 Klein Collins(고),1100000달러,100000달러,23 LG 자유선발,23LG,2026-04-07
69102,문보경,LG 트윈스,2,2000-07-19,182,88,내야수,우투좌타,송중초(동대문구리틀)-덕수중-신일고,48000,8000,19 LG 2차 3라운드 25순위,21LG,2026-04-07
68119,문성주,LG 트윈스,8,1997-02-20,175,78,외야수,좌투좌타,포항서초-포항제철중-경북고-강릉영동대,28000,3000,18 LG 2차 10라운드 97순위,18LG,2026-04-07
75867,김진성,LG 트윈스,42,1985-03-07,186,90,투수,우투우타,인헌초-성남중-성남서고-SK-NC,45000,,04 SK 2차 6라운드 42순위,05SK,2026-04-07
76290,김현수,KT 위즈,10,1988-01-12,188,105,외야수,우투좌타,쌍문초-신일중-신일고-두산-볼티모어-필라델피아-LG,80000,,06 두산 육성선수,06두산,2026-04-07
52154,이주헌,LG 트윈스,63,2003-03-04,185,92,포수,우투우타,서울이수초-성남중-성남고,5500,7000,22 LG 2차 3라운드 27순위,22LG,2026-04-07
69100,구본혁,LG 트윈스,6,1997-01-11,177,75,내야수,우투우타,중대초-잠신중-장충고-동국대-LG-상무,23000,5000,19 LG 2차 6라운드 55순위,19LG,2026-04-07
55167,김영우,LG 트윈스,67,2005-01-14,185,90,투수,우투우타,양원초(서대문구리틀)-신월중-서울고,8500,20000,25 LG 1라운드 10순위,25LG,2026-04-07
52103,최원영,LG 트윈스,3,2003-07-18,174,76,외야수,우투우타,부산수영초-사직중-부산고,7000,5000,22 LG 2차 6라운드 57순위,24LG,2026-04-07
63950,장현식,LG 트윈스,50,1995-02-24,181,91,투수,우투우타,신도초-서울이수중-서울고-NC-경찰-NC-KIA,150000,15000,13 NC 1라운드 9순위,13NC,2026-04-07
53139,박명근,LG 트윈스,39,2004-03-27,174,75,투수,우언우타,수택초(구리리틀)-구리인창중-라온고,9000,11000,23 LG 3라운드 27순위,23LG,2026-04-07
69108,이지강,LG 트윈스,32,1999-07-02,183,85,투수,우투우타,수원선일초-수원북중-소래고,11000,3000,19 LG 2차 9라운드 85순위,22LG,2026-04-07
66108,홍창기,LG 트윈스,51,1993-11-21,189,94,외야수,우투좌타,대일초-매송중-안산공고-건국대-LG-경찰,52000,8000,16 LG 2차 3라운드 27순위,16LG,2026-04-07
50106,유영찬,LG 트윈스,54,1997-03-07,185,90,투수,우투좌타,덕성초(안산리틀)-배명중-배명고-건국대,24000,,20 LG 2차 5라운드 43순위,23LG,2026-04-07
69134,이정용,LG 트윈스,31,1996-03-26,186,85,투수,우투우타,영일초-성남중-성남고-동아대-LG-상무,27000,20000,19 LG 1차,19LG,2026-04-07
65109,백승현,LG 트윈스,61,1995-05-26,183,90,투수,우투우타,소래초-상인천중-인천고,7000,7000,15 LG 2차 3라운드 30순위,17LG,2026-04-07
63248,함덕주,LG 트윈스,11,1995-01-13,181,78,투수,좌투좌타,일산초-원주중-원주고-두산,80000,6000,13 두산 5라운드 43순위,13두산,2026-04-07
67143,손주영,LG 트윈스,29,1998-12-02,191,95,투수,좌투좌타,울산대현초-개성중-경남고,29000,15000,17 LG 2차 1라운드 2순위,17LG,2026-04-07
55146,치리노스,LG 트윈스,46,1993-12-26,188,102,투수,우투우타,베네수엘라 U.E.N heroes nigales(고),900000달러,200000달러,25 LG 자유선발,25LG,2026-04-07
51111,송승기,LG 트윈스,13,2002-04-10,181,90,투수,좌투좌타,삼일초-매향중-야탑고-LG-상무,13600,3000,21 LG 2차 9라운드 87순위,22LG,2026-04-07
61101,임찬규,LG 트윈스,1,1992-11-20,185,80,투수,우투우타,가동초-청원중-휘문고-LG-경찰,20000,30000,11 LG 1라운드 2순위,11LG,2026-04-07
50054,천성호,LG 트윈스,53,1997-10-30,183,85,내야수,우투좌타,광주화정초-충장중-진흥고-단국대-KT-상무-KT,9000,10000,20 KT 2차 2라운드 12순위,20KT,2026-04-07
68110,송찬의,LG 트윈스,55,1999-02-20,182,80,외야수,우투우타,화곡초-선린중-선린인터넷고,5500,5000,18 LG 2차 7라운드 67순위,22LG,2026-04-07
61145,이우찬,LG 트윈스,21,1992-08-04,185,97,투수,좌투좌타,온양온천초-온양중-북일고-LG-경찰,8000,11000,11 LG 2라운드 15순위,11LG,2026-04-07
55164,박관우,LG 트윈스,64,2006-03-22,174,82,외야수,좌투좌타,욱수초(경산시리틀)-경운중-경북고,4000,7000,25 LG 5라운드 50순위,25LG,2026-04-07
51100,이영빈,LG 트윈스,7,2002-06-17,182,82,내야수,우투좌타,대전동산초(대전중구리틀)-충남중-세광고-LG-상무,5500,13000,21 LG 2차 1라운드 7순위,21LG,2026-04-07
63145,배재준,LG 트윈스,25,1994-11-24,188,85,투수,우투우타,본리초-경상중-대구상원고,5600,10000,13 LG 2라운드 16순위,16LG,2026-04-07
54119,에르난데스,LG 트윈스,,1995-05-03,185,97,투수,우투우타,베네수엘라 U.E.N Monsenor Perez Leon(고)-LG,800000달러,,24 LG 자유선발,24LG,2026-04-07
68419,최지명,LG 트윈스,16,1995-01-22,186,97,투수,좌투좌타,동천초-포항중-대구상원고-한양대-삼성-상무-삼성,10000,30000,18 삼성 1차,18삼성,2026-04-07
77263,김강률,LG 트윈스,37,1988-08-28,187,95,투수,우투우타,문촌초(일산리틀)-장성중-경기고-두산-상무-두산,25000,8000,07 두산 2차 4라운드 26순위,07두산,2026-04-07
68159,성동현,LG 트윈스,34,1999-05-18,189,108,투수,우투우타,백마초-홍은중-장충고,4200,15000,18 LG 2차 1라운드 7순위,18LG,2026-04-07
65905,최승민,LG 트윈스,62,1996-07-01,181,73,외야수,우투좌타,서울학동초-대치중-신일고-상무-NC-LG,4300,,15 NC 육성선수,17상무,2026-04-07
51526,우강훈,LG 트윈스,20,2002-10-03,183,88,투수,우언우타,희망대초-매송중-야탑고-롯데,4000,4000,21 롯데 2차 5라운드 41순위,23롯데,2026-04-07
54166,김현종,LG 트윈스,66,2004-08-04,186,85,외야수,우투우타,상인천초-동인천중-인천고,3300,15000,24 LG 2라운드 18순위,24LG,2026-04-07
52121,문정빈,LG 트윈스,56,2003-08-15,186,90,내야수,우투우타,가동초-잠신중-서울고,3500,4000,22 LG 2차 8라운드 77순위,25LG,2026-04-07
50108,함창건,LG 트윈스,24,2001-08-18,176,83,외야수,좌투좌타,백운초-충암중-충암고,3400,5000,20 LG 2차 7라운드 63순위,24LG,2026-04-07
55130,톨허스트,LG 트윈스,30,1999-09-13,193,86,투수,우투우타,미국 Grossmont(대),800000달러,,25 LG 자유선발,25LG,2026-04-07
67504,김정율,LG 트윈스,14,1998-03-18,184,97,내야수,우투우타,서화초-동산중-제물포고-롯데-경찰-롯데,5000,11000,17 롯데 2차 2라운드 13순위,17롯데,2026-04-07
64596,김유영,LG 트윈스,0,1994-05-02,180,83,투수,좌투좌타,양정초-개성중-경남고-롯데-상무-롯데,8000,20000,14 롯데 1차,14롯데,2026-04-07
52105,김성우,상무,63,2003-11-15,180,85,포수,우투우타,성동초-건대부중-배재고-LG-상무,3200,5000,22 LG 2차 7라운드 67순위,24LG,2026-04-07
55138,코엔 윈,LG 트윈스,,1999-01-25,193,86,투수,우투우타,호주 Grand Canyon(대)-LG,11000달러,,25 LG 부상 대체 외국인선수,25LG,2026-04-07
66162,김주성,LG 트윈스,5,1998-01-30,180,81,외야수,우투우타,수원신곡초-덕수중-휘문고,3700,10000,16 LG 2차 2라운드 14순위,16LG,2026-04-07
51154,김진수,LG 트윈스,45,1998-08-31,179,82,투수,우투우타,이세초-군산중-군산상고-중앙대,4000,10000,21 LG 2차 2라운드 17순위,21LG,2026-04-07
69159,정우영,LG 트윈스,18,1999-08-19,193,99,투수,우언우타,가평초-강남중-서울고,10000,10000,19 LG 2차 2라운드 15순위,19LG,2026-04-07
55122,김종운,LG 트윈스,103,2006-09-11,186,85,투수,우투우타,국산초(거제시리틀)-동강중-창원공고,3200,5000,25 LG 7라운드 70순위,25LG,2026-04-07
55121,박시원,LG 트윈스,58,2006-04-12,193,93,투수,우투우타,송수초(해운대리틀)-센텀중-경남고,3200,,25 LG 6라운드 60순위,25LG,2026-04-07
54156,손용준,LG 트윈스,15,2000-02-15,178,85,내야수,우투우타,김해화정초(김해리틀)-내동중-김해고-동원과학기술대,3400,10000,24 LG 3라운드 28순위,24LG,2026-04-07
50904,이종준,LG 트윈스,134,2001-03-09,191,93,투수,우투우타,군산중앙초-군산남중-군산상고-NC,4000,3000,20 NC 2차 9라운드 81순위,24LG,2026-04-07
65411,김주온,LG 트윈스,57,1996-12-08,187,89,투수,우투우타,울산대현초-구미중-울산공고-SK-SSG,3100,5000,15 삼성 2차 7라운드 72순위,20SK,2026-04-07
54529,레이예스,롯데 자이언츠,29,1994-10-05,196,87,외야수,우투양타,베네수엘라 Dr. Felipe Guevara(고),800000달러,100000달러,24 롯데 자유선발,24롯데,2026-04-07
61102,유강남,롯데 자이언츠,27,1992-07-15,182,88,포수,우투우타,청원초-휘문중-서울고-LG-상무-LG,70000,4000,11 LG 7라운드 50순위,11LG,2026-04-07
51551,나승엽,롯데 자이언츠,51,2002-02-15,190,82,내야수,우투좌타,남정초-선린중-덕수고-롯데-상무,9500,50000,21 롯데 2차 2라운드 11순위,21롯데,2026-04-07
68205,전민재,롯데 자이언츠,13,1999-06-30,181,73,내야수,우투우타,천안남산초-천안북중-대전고-두산,11000,7000,18 두산 2차 4라운드 40순위,18두산,2026-04-07
68518,정보근,롯데 자이언츠,42,1999-08-31,175,94,포수,우투우타,부산수영초-경남중-경남고,7000,3000,18 롯데 2차 9라운드 83순위,19롯데,2026-04-07
52591,윤동희,롯데 자이언츠,91,2003-09-18,187,85,외야수,우투우타,현산초-대원중-야탑고,18000,8000,22 롯데 2차 3라운드 24순위,22롯데,2026-04-07
68507,장두성,롯데 자이언츠,7,1999-09-16,176,75,외야수,우투좌타,축현초-재능중-동산고,7500,3000,18 롯데 2차 10라운드 93순위,21롯데,2026-04-07
54537,정현수,롯데 자이언츠,57,2001-05-10,180,84,투수,좌투좌타,부산대연초-부산중-부산고-송원대,9000,15000,24 롯데 2라운드 13순위,24롯데,2026-04-07
68242,정철원,롯데 자이언츠,65,1999-03-27,192,95,투수,우투우타,역북초-송전중-안산공고-두산,18000,10000,18 두산 2차 2라운드 20순위,18두산,2026-04-07
50150,손호영,롯데 자이언츠,33,1994-08-23,182,88,외야수,우투우타,의왕부곡초-평촌중-충훈고-LG,9500,,20 LG 2차 3라운드 23순위,14시카고컵스,2026-04-07
52568,한태양,롯데 자이언츠,6,2003-09-15,181,76,내야수,우투우타,역삼초-언북중-덕수고-롯데-상무,7000,5000,22 롯데 2차 6라운드 54순위,22롯데,2026-04-07
65522,김강현,롯데 자이언츠,19,1995-02-27,177,84,투수,우투좌타,고명초-청원중-청원고,9000,,15 롯데 육성선수,16롯데,2026-04-07
50500,황성빈,롯데 자이언츠,0,1997-12-19,172,76,외야수,우투좌타,관산초-안산중앙중-소래고-경남대,11000,7000,20 롯데 2차 5라운드 44순위,22롯데,2026-04-07
54598,이호준,롯데 자이언츠,30,2004-03-20,172,72,내야수,우투좌타,대구옥산초-대구경운중-대구상원고,5500,10000,24 롯데 3라운드 23순위,24롯데,2026-04-07
69517,고승민,롯데 자이언츠,2,2000-08-11,189,92,내야수,우투좌타,군산신풍초-천안북중-북일고,18500,15000,19 롯데 2차 1라운드 8순위,19롯데,2026-04-07
77564,김민성,롯데 자이언츠,16,1988-12-17,181,94,내야수,우투우타,고명초-잠신중-덕수정보고-(영남사이버대)-롯데-히어로즈-키움-LG,15000,10000,07 롯데 2차 2라운드 13순위,07롯데,2026-04-07
62528,김원중,롯데 자이언츠,34,1993-06-14,192,96,투수,우투좌타,학강초-광주동성중-광주동성고,80000,15000,12 롯데 1라운드 5순위,12롯데,2026-04-07
69594,박진,롯데 자이언츠,44,1999-04-02,182,106,투수,우투우타,부산대연초-부산중-부산고,9500,8000,19 롯데 2차 4라운드 38순위,19롯데,2026-04-07
51528,손성빈,롯데 자이언츠,28,2002-01-14,186,92,포수,우투우타,희망대초-경기신흥중-장안고-롯데-상무,6000,15000,21 롯데 1차,21롯데,2026-04-07
78513,전준우,롯데 자이언츠,8,1986-02-25,184,98,외야수,우투우타,흥무초-경주중-경주고-건국대-롯데-경찰,70000,10000,08 롯데 2차 2라운드 15순위,08롯데,2026-04-07
50556,최준용,롯데 자이언츠,56,2001-10-10,185,85,투수,우투우타,부산수영초-대천중-경남고,14000,25000,20 롯데 1차,20롯데,2026-04-07
51594,송재영,롯데 자이언츠,59,2002-06-20,181,84,투수,좌투좌타,수원잠원초(수원영통구리틀)-매향중-라온고-롯데-상무,4700,6000,21 롯데 2차 4라운드 31순위,21롯데,2026-04-07
76430,김태혁,롯데 자이언츠,24,1988-01-02,180,88,투수,우투우타,신자초(자이언츠리틀)-자양중-신일고-(방송통신대)-삼성-히어로즈-상무-히어로즈-키움-SK-SSG,15000,13000,06 삼성 2차 2라운드 15순위,06삼성,2026-04-07
52504,김동혁,롯데 자이언츠,50,2000-09-15,177,77,외야수,좌투좌타,서화초-상인천중-제물포고-강릉영동대,4500,,22 롯데 2차 7라운드 64순위,23롯데,2026-04-07
60523,정훈,롯데 자이언츠,9,1987-07-18,180,85,내야수,우투우타,양덕초-마산동중-용마고-롯데,20000,,06 현대 육성선수,10롯데,2026-04-07
67588,윤성빈,롯데 자이언츠,55,1999-02-26,197,90,투수,우투우타,동일중앙초-경남중-부산고,4500,45000,17 롯데 1차,17롯데,2026-04-07
62802,박승욱,롯데 자이언츠,53,1992-12-04,184,83,내야수,우투좌타,칠성초-경복중-대구상원고-SK-KT,10000,8000,12 SK 3라운드 31순위,12SK,2026-04-07
64021,박세웅,롯데 자이언츠,21,1995-11-30,182,85,투수,우투우타,대구경운초-경운중-경북고-KT,210000,20000,14 KT 1차,14KT,2026-04-07
67539,나균안,롯데 자이언츠,43,1998-03-16,186,109,투수,우투우타,무학초-창원신월중-용마고,18000,15000,17 롯데 2차 1라운드 3순위,17롯데,2026-04-07
55530,박찬형,롯데 자이언츠,60,2002-10-17,175,78,내야수,우투좌타,중대초-언북중-배재고,5500,1920,25 롯데 육성선수,25롯데,2026-04-07
50596,홍민기,롯데 자이언츠,38,2001-07-20,185,85,투수,좌투좌타,법동초-한밭중-대전고,6000,16000,20 롯데 2차 1라운드 4순위,20롯데,2026-04-07
55536,데이비슨,롯데 자이언츠,,1996-03-25,188,97,투수,좌투좌타,미국 Midland(대)-롯데,500000달러,350000달러,25 롯데 자유선발,25롯데,2026-04-07
52530,이민석,롯데 자이언츠,37,2003-12-10,189,95,투수,우투우타,부산수영초-대천중-개성고,8000,20000,22 롯데 1차,22롯데,2026-04-07
55532,감보아,롯데 자이언츠,32,1997-01-17,185,92,투수,좌투양타,미국 Fresno City(대)-롯데,250000달러,50000달러,25 롯데 자유선발,25롯데,2026-04-07
51516,김진욱,롯데 자이언츠,15,2002-07-05,185,90,투수,좌투좌타,수원신곡초-춘천중-강릉고,7000,37000,21 롯데 2차 1라운드 1순위,21롯데,2026-04-07
63543,구승민,롯데 자이언츠,22,1990-06-12,182,86,투수,우투우타,동일초(도봉구리틀)-청원중-청원고-홍익대-롯데-상무,30000,5000,13 롯데 6라운드 52순위,14롯데,2026-04-07
60559,박시영,롯데 자이언츠,62,1989-03-10,181,92,투수,우투우타,축현초-인천신흥중-제물포고-(영남사이버대)-롯데-KT,5000,,08 롯데 2차 4라운드 31순위,10롯데,2026-04-07
54503,박준우,롯데 자이언츠,58,2005-05-27,190,94,투수,우투우타,상동초(부천시리틀)-부천중-유신고,3300,8000,24 롯데 4라운드 33순위,24롯데,2026-04-07
55526,벨라스케즈,롯데 자이언츠,26,1992-06-07,190,95,투수,우투우타,미국 Garey(고)-롯데,330000달러,,25 롯데 자유선발,25롯데,2026-04-07
55563,박재엽,롯데 자이언츠,26,2006-01-23,184,92,포수,우투우타,부산대연초-개성중-부산고,3200,8000,25 롯데 4라운드 34순위,25롯데,2026-04-07
55506,한승현,롯데 자이언츠,136,2006-10-29,183,80,외야수,우투우타,신양초(강동구리틀)-건대부중-장충고,3300,3000,25 롯데 9라운드 84순위,25롯데,2026-04-07
52528,반즈,롯데 자이언츠,,1995-10-01,189,91,투수,좌투좌타,미국 Clemson(대)-롯데,950000달러,150000달러,22 롯데 자유선발,22롯데,2026-04-07
62931,노진혁,롯데 자이언츠,52,1989-07-15,184,80,내야수,우투좌타,광주대성초-광주동성중-광주동성고-성균관대-NC-상무-NC,60000,8000,12 NC 특별 20순위,12NC,2026-04-07
63512,박진형,키움 히어로즈,40,1994-06-10,181,77,투수,우투우타,영랑초-경포중-강릉고-롯데,5600,10000,13 롯데 2라운드 13순위,15롯데,2026-04-07
52516,조세진,롯데 자이언츠,12,2003-11-21,181,86,외야수,우투우타,장안초(성남중원구리틀)-선린중-서울고-롯데-상무,3800,13000,22 롯데 2차 1라운드 4순위,22롯데,2026-04-07
55509,박건우,롯데 자이언츠,111,2003-02-01,183,92,포수,우투우타,성동초-건대부중-장충고-고려대,3100,,25 롯데 육성선수,25롯데,2026-04-07
69508,신윤후,롯데 자이언츠,3,1996-01-05,177,77,외야수,우투우타,무학초-마산중-마산고-동의대,4400,3000,19 롯데 2차 10라운드 98순위,19롯데,2026-04-07
64017,심재민,롯데 자이언츠,23,1994-02-18,182,92,투수,좌투우타,장유초(김해엔젤스리틀)-개성중-개성고-(전남과학대)-KT-롯데,5400,25000,14 KT 우선지명,14KT,2026-04-07
55568,박세현,롯데 자이언츠,135,2006-01-21,183,88,투수,우투우타,중화초(중랑구리틀)-상명중-배명고,3100,15000,25 롯데 2라운드 14순위,25롯데,2026-04-07
55503,이영재,롯데 자이언츠,40,2006-10-20,180,71,투수,좌투좌타,태봉초(의정부시유소년야구단)-신흥중-신흥고,3100,5000,25 롯데 7라운드 64순위,25롯데,2026-04-07
51546,정우준,롯데 자이언츠,103,2000-03-17,180,82,투수,우투우타,태랑초(남양주리틀)-청원중-서울고-강릉영동대-롯데-상무,3300,5000,21 롯데 2차 6라운드 51순위,21롯데,2026-04-07
62884,최항,롯데 자이언츠,14,1994-01-03,183,88,내야수,우투좌타,대일초-매송중-유신고-SK-SSG,4600,,12 SK 8라운드 70순위,17SK,2026-04-07
62363,한현희,롯데 자이언츠,1,1993-06-25,182,98,투수,우언우타,동삼초-경남중-경남고-히어로즈-키움,50000,23000,12 넥센 1라운드 2순위,12넥센,2026-04-07
50608,이인한,롯데 자이언츠,102,1998-12-24,183,95,외야수,우투우타,광주대성초-심석중-강릉고-강릉영동대,1500,3000,20 KIA 2차 9라운드 86순위,24롯데,2026-04-07
55511,이태경,롯데 자이언츠,69,2002-11-24,176,77,내야수,우투우타,광주송정동초-무등중-광주제일고-한일장신대,3100,,25 롯데 육성선수,25롯데,2026-04-07
68556,정성종,롯데 자이언츠,18,1995-11-16,181,93,투수,우투좌타,광주서석초-무등중-광주제일고-인하대-롯데-상무,3700,10000,18 롯데 2차 2라운드 13순위,18롯데,2026-04-07
54506,강승구,롯데 자이언츠,110,2003-10-19,180,83,포수,우투우타,동막초-상인천중-제물포고-강릉영동대,3200,,24 롯데 육성선수,24롯데,2026-04-07
55566,김태현,롯데 자이언츠,130,2005-11-16,185,87,투수,좌투좌타,광주서림초-진흥중-광주제일고,3100,30000,25 롯데 1라운드 4순위,25롯데,2026-04-07
51907,김주원,NC 다이노스,7,2002-07-30,185,83,내야수,우투양타,삼일초(군포시리틀)-안산중앙중-유신고,35000,15000,21 NC 2차 1라운드 6순위,21NC,2026-04-07
51344,김휘집,NC 다이노스,44,2002-01-01,180,92,내야수,우투우타,양목초(히어로즈리틀)-대치중-신일고-키움,24000,10000,21 키움 2차 1라운드 9순위,21키움,2026-04-07
68912,김형준,NC 다이노스,25,1999-11-02,187,98,포수,우투우타,가동초-세광중-세광고-NC-상무,20000,15000,18 NC 2차 1라운드 9순위,18NC,2026-04-07
63963,권희동,NC 다이노스,36,1990-12-30,177,85,외야수,우투우타,동천초-경주중-경주고-경남대-NC-상무,25000,3000,13 NC 9라운드 84순위,13NC,2026-04-07
62907,박민우,NC 다이노스,2,1993-02-06,185,80,내야수,우투좌타,마포초(용산구리틀)-선린중-휘문고,80000,16000,12 NC 1라운드 9순위,12NC,2026-04-07
54944,데이비슨,NC 다이노스,24,1991-03-26,190,104,내야수,우투우타,미국 Yucaipa(고),975000달러,140000달러,24 NC 자유선발,24NC,2026-04-07
66606,최원준,KT 위즈,3,1997-03-23,178,85,외야수,우투좌타,연현초-서울경원중-서울고-KIA-상무-KIA-NC,60000,15000,16 KIA 2차 1라운드 3순위,16KIA,2026-04-07
67954,김진호,NC 다이노스,54,1998-06-07,183,90,투수,우투우타,의왕부곡초-성일중-광주동성고-NC-경찰,13000,9000,17 NC 2차 2라운드 18순위,17NC,2026-04-07
63260,이우성,NC 다이노스,55,1994-07-17,182,95,외야수,우투우타,대전유천초-한밭중-대전고-두산-상무-두산-NC-KIA,16000,12000,13 두산 2라운드 15순위,13두산,2026-04-07
69969,전사민,NC 다이노스,57,1999-07-06,194,85,투수,우투우타,연서초(부산동래구리틀)-대신중-부산정보고-NC-상무,13000,10000,19 NC 2차 2라운드 17순위,19NC,2026-04-07
64995,배재환,NC 다이노스,61,1995-02-24,186,95,투수,우투우타,가동초-잠신중-서울고-NC-상무,12000,15000,14 NC 2차 1라운드 1순위,14NC,2026-04-07
79215,박건우,NC 다이노스,37,1990-09-08,184,80,외야수,우투우타,역삼초-서울이수중-서울고-두산-경찰-두산,60000,10000,09 두산 2차 2라운드 10순위,09두산,2026-04-07
65949,류진욱,NC 다이노스,41,1996-10-10,189,88,투수,우투우타,양정초-개성중-부산고,20000,10000,15 NC 2차 2라운드 21순위,15NC,2026-04-07
67905,천재환,NC 다이노스,23,1994-04-01,181,83,외야수,우투우타,대전신흥초-공주중-화순고-고려대,10000,,17 NC 육성선수,22NC,2026-04-07
69995,서호철,NC 다이노스,5,1996-10-16,179,85,내야수,우투우타,순천남산초-순천이수중-효천고-동의대-NC-상무,15000,3000,19 NC 2차 9라운드 87순위,20NC,2026-04-07
54904,손주환,NC 다이노스,46,2002-01-05,177,85,투수,우투우타,영천초-신정중-물금고-동아대,8000,6000,24 NC 6라운드 55순위,24NC,2026-04-07
68900,김영규,NC 다이노스,17,2000-02-10,188,86,투수,좌투좌타,광주서석초-무등중-광주제일고,20000,4000,18 NC 2차 8라운드 79순위,18NC,2026-04-07
69992,최정원,NC 다이노스,14,2000-06-24,176,70,내야수,우투좌타,서원초-청주중-청주고-NC-상무,8700,5000,19 NC 2차 7라운드 67순위,20NC,2026-04-07
50600,홍종표,NC 다이노스,10,2000-05-02,178,72,내야수,우투좌타,동막초-영남중-강릉고-KIA-상무-KIA,5000,11000,20 KIA 2차 2라운드 16순위,20KIA,2026-04-07
62244,박세혁,삼성 라이온즈,52,1990-01-09,181,86,포수,우투좌타,수유초-신일중-신일고-고려대-두산-상무-두산-NC,40000,6000,12 두산 5라운드 47순위,12두산,2026-04-07
66920,최성영,NC 다이노스,26,1997-04-28,180,85,투수,좌투좌타,영랑초-설악중-설악고-NC-상무,8200,10000,16 NC 2차 2라운드 13순위,16NC,2026-04-07
50996,박시원,NC 다이노스,53,2001-05-30,185,85,외야수,우투좌타,광주서림초-광주동성중-광주제일고,3900,12000,20 NC 2차 2라운드 11순위,20NC,2026-04-07
55912,로건,NC 다이노스,12,1997-05-23,186,105,투수,좌투좌타,미국 IMG Academy(고)-NC,560000달러,140000달러,25 NC 자유선발,25NC,2026-04-07
64022,안중열,NC 다이노스,22,1995-09-01,176,87,포수,우투우타,가야초-개성중-부산고-(영남사이버대)-KT-롯데-상무-롯데,6100,13000,14 KT 2차 특별 15순위,14KT,2026-04-07
63959,임정호,NC 다이노스,30,1990-04-16,188,90,투수,좌투좌타,성동초-잠신중-신일고-성균관대-NC-상무,20000,7000,13 NC 3라운드 30순위,13NC,2026-04-07
55903,라일리,NC 다이노스,3,1996-07-09,190,100,투수,우투우타,미국 Louisville(대),600000달러,120000달러,25 NC 자유선발,25NC,2026-04-07
64101,한석현,NC 다이노스,33,1994-05-17,181,73,외야수,좌투좌타,후암초-대천중-경남고-LG,4800,5000,14 LG 2차 5라운드 48순위,20LG,2026-04-07
50902,김한별,NC 다이노스,13,2001-01-18,177,85,내야수,우투우타,효제초-선린중-배재고,4800,,20 NC 2차 7라운드 61순위,22NC,2026-04-07
68902,신민혁,NC 다이노스,18,1999-02-04,184,95,투수,우투우타,염강초(강서구리틀)-매향중-야탑고,19000,6000,18 NC 2차 5라운드 49순위,20NC,2026-04-07
52992,이준혁,NC 다이노스,40,2003-06-30,184,87,투수,우투우타,용인포곡초(처인구리틀)-성일중-율곡고-NC,4600,12000,22 NC 2차 1라운드 10순위,25NC,2026-04-07
66965,도태훈,NC 다이노스,16,1993-03-18,184,85,내야수,우투좌타,양정초-개성중-부산고-동의대-NC-상무,7300,,16 NC 육성선수,16NC,2026-04-07
64580,김재열,NC 다이노스,21,1996-01-02,183,97,투수,우투우타,양정초-개성중-부산고-KIA,9000,3000,14 롯데 2차 7라운드 71순위,20KIA,2026-04-07
52995,김녹원,NC 다이노스,1,2003-05-17,182,88,투수,우투우타,학강초-무등중-광주제일고,4900,8000,22 NC 2차 3라운드 30순위,22NC,2026-04-07
55995,김태훈,NC 다이노스,69,2006-10-26,188,88,투수,우투우타,부평남초(부평구리틀)-동인천중-소래고,3400,12000,25 NC 2라운드 17순위,25NC,2026-04-07
53973,목지훈,NC 다이노스,20,2004-05-11,181,83,투수,우투우타,효제초-청량중-신일고,4200,8000,23 NC 4라운드 34순위,23NC,2026-04-07
68904,오영수,NC 다이노스,34,2000-01-30,178,93,내야수,우투좌타,사파초-창원신월중-용마고-NC-상무,6200,10000,18 NC 2차 2라운드 19순위,18NC,2026-04-07
77211,이용찬,두산 베어스,45,1989-01-02,185,85,투수,우투우타,신원초-양천중-장충고-두산-상무-두산-NC,10000,45000,07 두산 1차,07두산,2026-04-07
54903,최우석,NC 다이노스,64,2005-03-31,190,90,투수,우투우타,서흥초-동인천중-비봉고,3500,6000,24 NC 5라운드 45순위,24NC,2026-04-07
68639,하준영,NC 다이노스,29,1999-09-06,182,79,투수,좌투좌타,서울이수초-성남중-성남고-KIA,11000,11000,18 KIA 2차 2라운드 16순위,18KIA,2026-04-07
51903,김정호,NC 다이노스,42,1998-07-13,172,84,포수,우투우타,대구옥산초-경복중-포항제철고-성균관대,3000,4000,21 NC 2차 8라운드 76순위,25NC,2026-04-07
53919,신영우,NC 다이노스,43,2004-04-21,182,84,투수,우투우타,센텀초-센텀중-경남고,3300,25000,23 NC 1라운드 4순위,23NC,2026-04-07
54913,김민규,상무,15,2001-09-07,183,84,투수,우투우타,광주서석초-진흥중-광주동성고-경성대-NC-상무,3000,,24 NC 육성선수,24NC,2026-04-07
67962,소이현,NC 다이노스,101,1999-02-09,185,93,투수,우투우타,서울이수초-서울이수중-서울디자인고,3100,8000,17 NC 2차 3라운드 28순위,17NC,2026-04-07
52902,임지민,NC 다이노스,19,2003-10-11,185,82,투수,우투우타,가평목동초(가평리틀)-춘천중-강원고,3100,6000,22 NC 2차 5라운드 50순위,22NC,2026-04-07
54908,고승완,NC 다이노스,58,2001-03-15,178,81,외야수,우투좌타,광주대성초-무등중-광주동성고-연세대,3000,3000,24 NC 9라운드 85순위,25NC,2026-04-07
50992,김태경,NC 다이노스,60,2001-04-07,188,95,투수,우투우타,김해삼성초-내동중-용마고-NC-상무,4000,15000,20 NC 1차,20NC,2026-04-07
52903,조민석,NC 다이노스,47,1998-12-21,180,81,투수,우투좌타,천안남산초-천안북중-부천고-원광대-NC-상무,5000,3000,22 NC 2차 9라운드 90순위,22NC,2026-04-07
50903,한재환,NC 다이노스,35,2001-10-19,177,89,내야수,우투우타,기장대청초(기장리틀)-대신중-개성고,3100,4000,20 NC 2차 8라운드 71순위,24NC,2026-04-07
67956,김태현,NC 다이노스,109,1998-03-21,188,95,투수,좌투좌타,김해삼성초-내동중-김해고-NC-경찰,3400,30000,17 NC 1차,17NC,2026-04-07
50906,박영빈,NC 다이노스,119,1997-07-16,182,88,외야수,우투좌타,호원초(의정부리틀)-청량중-충암고-경희대,3000,,20 NC 육성선수,23NC,2026-04-07
53992,박한결,상무,13,2004-04-26,181,90,외야수,우투우타,본리초-경복중-경북고-NC-상무,3500,15000,23 NC 2라운드 14순위,23NC,2026-04-07
51996,오태양,NC 다이노스,6,2002-04-25,180,78,내야수,우투우타,방배초-대치중-청원고-NC-상무,3300,6000,21 NC 2차 5라운드 46순위,21NC,2026-04-07
65933,구창모,NC 다이노스,59,1997-02-17,183,85,투수,좌투좌타,천안남산초-덕수중-울산공고-NC-상무,90000,15000,15 NC 2차 1라운드 3순위,15NC,2026-04-07
69203,송승환,NC 다이노스,8,2000-10-28,183,93,외야수,우투우타,신기초(금천구리틀)-양천중-서울고-두산-NC,3200,10000,19 두산 2차 2라운드 19순위,19두산,2026-04-07
50901,안인산,KT 위즈,50,2001-02-27,181,95,내야수,우투우타,군포오금초(안양시리틀)-평촌중-야탑고-NC,3000,10000,20 NC 2차 3라운드 21순위,20NC,2026-04-07
54900,임상현,NC 다이노스,28,2005-07-16,184,89,투수,우투우타,김천신일초(김천시리틀)-상원중-대구상원고,3700,15000,24 NC 2라운드 15순위,24NC,2026-04-07
52415,이재현,삼성 라이온즈,7,2003-02-04,180,82,내야수,우투우타,서울이수초-선린중-서울고,29000,22000,22 삼성 1차,22삼성,2026-04-07
54400,디아즈,삼성 라이온즈,0,1996-11-19,188,105,내야수,좌투좌타,도미니카 Daniel Smith(고),1300000달러,,24 삼성 자유선발,24삼성,2026-04-07
74540,강민호,삼성 라이온즈,47,1985-08-18,185,100,포수,우투우타,제주신광초-포철중-포철공고-(국제디지털대)-롯데,30000,9000,04 롯데 2차 3라운드 17순위,04롯데,2026-04-07
52430,김영웅,삼성 라이온즈,30,2003-08-24,183,81,내야수,우투좌타,공주중동초-야로중-물금고,22000,17000,22 삼성 2차 1라운드 3순위,22삼성,2026-04-07
62234,류지혁,삼성 라이온즈,16,1994-01-13,181,75,내야수,우투좌타,청원초-선린중-충암고-두산-상무-두산-KIA,70000,7000,12 두산 4라운드 36순위,12두산,2026-04-07
62404,구자욱,삼성 라이온즈,5,1993-02-12,189,75,외야수,우투좌타,본리초-경복중-대구고-삼성-상무,50000,13000,12 삼성 2라운드 12순위,12삼성,2026-04-07
50458,김지찬,삼성 라이온즈,58,2001-03-08,163,64,외야수,우투좌타,백사초(이천시리틀)-모가중-라온고,23000,11000,20 삼성 2차 2라운드 15순위,20삼성,2026-04-07
67449,김성윤,삼성 라이온즈,39,1999-02-02,163,62,외야수,좌투좌타,창신초(부산진구리틀)-원동중-포항제철고,20000,7000,17 삼성 2차 4라운드 39순위,17삼성,2026-04-07
62360,김태훈,삼성 라이온즈,27,1992-03-02,187,101,투수,우투우타,남부민초-대신중-부경고-히어로즈-경찰-히어로즈-키움,30000,2000,12 넥센 9라운드 79순위,12넥센,2026-04-07
55455,배찬승,삼성 라이온즈,55,2006-01-01,180,85,투수,좌투좌타,대구옥산초-협성경복중-대구고,9000,40000,25 삼성 1라운드 3순위,25삼성,2026-04-07
65062,김재윤,삼성 라이온즈,62,1990-09-16,185,91,투수,우투우타,서울도곡초-휘문중-휘문고-KT,80000,,15 KT 2차 특별 13순위,09애리조나,2026-04-07
54408,양도근,상무,68,2003-02-06,173,72,내야수,우투우타,인천동막초-상인천중-장안고-강릉영동대-삼성-상무,6500,,24 삼성 육성선수,24삼성,2026-04-07
50464,이승민,삼성 라이온즈,28,2000-08-26,174,79,투수,좌투좌타,본리초-경상중-대구고-삼성-상무,10500,7000,20 삼성 2차 4라운드 35순위,20삼성,2026-04-07
53455,이호성,삼성 라이온즈,1,2004-08-14,184,87,투수,우투우타,도원초(부천소사리틀)-동인천중-인천고,10000,20000,23 삼성 1라운드 8순위,23삼성,2026-04-07
69428,이병헌,삼성 라이온즈,23,1999-10-26,180,87,포수,우투우타,인천숭의초-인천신흥중-제물포고,6000,8000,19 삼성 2차 4라운드 32순위,19삼성,2026-04-07
61404,김헌곤,삼성 라이온즈,32,1988-11-09,174,81,외야수,우투우타,회원초-경복중-제주관광고-영남대-삼성-상무,10000,7000,11 삼성 5라운드 36순위,11삼성,2026-04-07
66409,이성규,삼성 라이온즈,13,1993-08-03,178,82,외야수,우투우타,광주대성초-광주동성중-광주동성고-인하대-삼성-경찰,11000,8000,16 삼성 2차 4라운드 31순위,16삼성,2026-04-07
65132,김재성,삼성 라이온즈,2,1996-10-30,185,85,포수,우투좌타,신광초-성남중-덕수고-LG-경찰-LG,5000,20000,15 LG 1차,15LG,2026-04-07
60146,이승현,삼성 라이온즈,26,1991-11-20,181,92,투수,우투우타,화순초-진흥중-화순고-LG,15000,10000,10 LG 2라운드 16순위,10LG,2026-04-07
65586,전병우,삼성 라이온즈,61,1992-10-24,182,93,내야수,우투우타,동삼초-경남중-개성고-동아대-롯데-키움,9000,9000,15 롯데 2차 3라운드 28순위,18롯데,2026-04-07
68415,양창섭,삼성 라이온즈,42,1999-09-22,182,85,투수,우투우타,녹천초(노원구리틀)-청량중-덕수고,8500,26000,18 삼성 2차 1라운드 2순위,18삼성,2026-04-07
69418,박승규,삼성 라이온즈,66,2000-09-02,178,78,외야수,우투우타,일산초-덕수중-경기고-삼성-상무,8000,3000,19 삼성 2차 9라운드 82순위,19삼성,2026-04-07
53375,후라도,삼성 라이온즈,75,1996-01-30,188,109,투수,우투우타,파나마 San Judas Tadeo(고)-키움,1300000달러,,23 키움 자유선발,23키움,2026-04-07
77446,백정현,삼성 라이온즈,29,1987-07-13,184,80,투수,좌투좌타,대구옥산초-대구중-대구상원고,20000,15000,07 삼성 2차 1라운드 8순위,07삼성,2026-04-07
69446,원태인,삼성 라이온즈,18,2000-04-06,183,92,투수,우투우타,율하초(중구리틀)-경복중-경북고,100000,35000,19 삼성 1차,19삼성,2026-04-07
54404,육선엽,삼성 라이온즈,4,2005-07-13,190,90,투수,우투우타,백마초-서울신월중-장충고,4200,25000,24 삼성 1라운드 4순위,24삼성,2026-04-07
65320,최원태,삼성 라이온즈,20,1997-01-07,184,104,투수,우투우타,인헌초(용산구리틀)-서울경원중-서울고-히어로즈-키움-LG,160000,35000,15 넥센 1차,15넥센,2026-04-07
51454,이승현,삼성 라이온즈,57,2002-05-19,183,102,투수,좌투좌타,남도초-경복중-대구상원고,12000,35000,21 삼성 1차,21삼성,2026-04-07
55438,심재훈,삼성 라이온즈,6,2006-03-03,180,80,내야수,우투우타,삼일초-평촌중-유신고,3500,16000,25 삼성 2라운드 13순위,25삼성,2026-04-07
68463,윤정빈,삼성 라이온즈,31,1999-06-24,182,93,외야수,우투좌타,신도초-부천중-부천고-삼성-상무,6400,7000,18 삼성 2차 5라운드 42순위,18삼성,2026-04-07
78352,임창민,삼성 라이온즈,45,1985-08-25,183,94,투수,우투우타,광주대성초-광주동성중-광주동성고-연세대-히어로즈-경찰-히어로즈-NC-두산-키움-삼성,20000,7000,08 현대 2차 2라운드 11순위,08우리,2026-04-07
55460,가라비토,삼성 라이온즈,60,1995-08-19,183,100,투수,우투우타,도미니카 Liceo Enedina Puella Renville(고)-삼성,356666달러,200000달러,25 삼성 자유선발,25삼성,2026-04-07
65040,김태훈,삼성 라이온즈,25,1996-03-31,177,78,외야수,우투좌타,진흥초(안산리틀)-평촌중-유신고-KT,6000,6000,15 KT 2차 5라운드 53순위,15KT,2026-04-07
50441,황동재,상무,18,2001-11-03,191,97,투수,우투우타,율하초-경운중-경북고-상무,5700,23000,20 삼성 1차,20삼성,2026-04-07
75125,박병호,키움 히어로즈,52,1986-07-10,185,107,,우투우타,영일초(광명리틀)-영남중-성남고-상무-LG-넥센-미네소타-넥센-키움-KT-삼성,,,05 LG 1차,05LG,2026-04-07
75421,오승환,삼성 라이온즈,21,1982-07-15,178,93,투수,우투우타,도신초-우신중-경기고-단국대-삼성-한신-세인트루이스-토론토-콜로라도-삼성,80000,18000,05 삼성 2차 1라운드 5순위,05삼성,2026-04-07
67005,홍현빈,삼성 라이온즈,51,1997-08-29,174,70,외야수,우투좌타,수원신곡초-매송중-유신고-KT-상무-KT,5000,9000,17 KT 2차 3라운드 21순위,17KT,2026-04-07
54401,김대호,삼성 라이온즈,44,2001-10-15,185,100,투수,우투우타,제주신광초-이평중-군산상고-고려대,3700,,24 삼성 육성선수,24삼성,2026-04-07
51460,이재희,삼성 라이온즈,17,2001-10-11,187,88,투수,우투좌타,대전신흥초-한밭중-대전고-삼성-상무,4500,15000,21 삼성 2차 1라운드 3순위,21삼성,2026-04-07
54443,레예스,삼성 라이온즈,,1996-11-02,198,113,투수,우투우타,도미니카 Melida Altagracia Baez(고)-삼성,700000달러,100000달러,24 삼성 자유선발,24삼성,2026-04-07
63492,이재익,삼성 라이온즈,45,1994-03-18,180,76,투수,좌투좌타,삼일초-중앙중-유신고,6200,4000,13 삼성 8라운드 68순위,20삼성,2026-04-07
69442,김도환,삼성 라이온즈,24,2000-04-14,178,90,포수,우투우타,언북초(의정부리틀)-영동중-신일고-삼성-상무,4900,11000,19 삼성 2차 2라운드 12순위,19삼성,2026-04-07
66406,안주형,삼성 라이온즈,14,1993-08-14,176,68,내야수,우투좌타,부산중앙초-부산중-부경고-영남대-삼성,7000,,16 삼성 육성선수,17삼성,2026-04-07
69403,양우현,삼성 라이온즈,53,2000-04-13,175,82,내야수,우투좌타,남정초-충암중-충암고,4400,8000,19 삼성 2차 3라운드 22순위,19삼성,2026-04-07
52424,김재혁,삼성 라이온즈,8,1999-12-26,182,85,외야수,우투우타,제주남초-제주제일중-제주고-동아대-삼성-상무,3500,11000,22 삼성 2차 2라운드 13순위,22삼성,2026-04-07
73801,송은범,삼성 라이온즈,46,1984-03-17,182,93,투수,우투우타,서흥초-동산중-동산고-SK-KIA-한화-LG-삼성,6000,40000,03 SK 1차,03SK,2026-04-07
69207,김태근,삼성 라이온즈,64,1996-08-10,175,74,외야수,우투우타,광진초(광진구리틀)-건대부중-배명고-건국대-두산-상무-삼성,4500,6000,19 두산 2차 5라운드 49순위,19두산,2026-04-07
61268,양현,삼성 라이온즈,19,1992-08-23,189,104,투수,우언우타,영랑초-한밭중-대전고-두산-상무-히어로즈-키움,6500,3000,11 두산 10라운드 73순위,11두산,2026-04-07
66451,최충연,롯데 자이언츠,61,1997-03-05,190,85,투수,우투우타,대구수창초-대구중-경북고-삼성,4500,28000,16 삼성 1차,16삼성,2026-04-07
51407,이창용,삼성 라이온즈,50,1999-06-03,184,89,내야수,우투우타,을지초(노원구리틀)-청량중-신흥고-강릉영동대,3700,4000,21 삼성 2차 8라운드 73순위,24삼성,2026-04-07
55440,함수호,삼성 라이온즈,40,2006-03-10,181,88,외야수,좌투좌타,구미인동초(구미시리틀)-협성경복중-대구상원고,3300,9000,25 삼성 4라운드 33순위,25삼성,2026-04-07
61365,김대우,삼성 라이온즈,17,1988-11-21,183,85,투수,우언우타,역삼초-대치중-서울고-홍익대-히어로즈-상무-히어로즈-삼성,10000,2000,11 넥센 9라운드 67순위,11넥센,2026-04-07
69416,이해승,삼성 라이온즈,3,2000-08-01,180,86,내야수,우투우타,인천서림초-신흥중-인천고-삼성-상무,4200,4000,19 삼성 2차 8라운드 72순위,22삼성,2026-04-07
62146,최성훈,삼성 라이온즈,54,1989-10-11,178,75,투수,좌투좌타,가동초-잠신중-경기고-경희대-LG-삼성,7800,11000,12 LG 2라운드 16순위,12LG,2026-04-07
50430,홍원표,삼성 라이온즈,65,2001-03-27,183,86,투수,우투우타,신도초-부천중-부천고,3550,8000,20 삼성 2차 3라운드 25순위,20삼성,2026-04-07
53411,박진우,삼성 라이온즈,12,2003-10-14,176,87,포수,우투우타,글꽃초(대전중구리틀)-현도중-청주고,3300,3000,23 삼성 11라운드 108순위,25삼성,2026-04-07
63960,이상민,삼성 라이온즈,15,1990-11-04,180,85,투수,좌투좌타,남도초(수성리틀)-대구중-경북고-동의대-NC-히어로즈-경찰-히어로즈-키움-삼성,8500,4000,13 NC 7라운드 66순위,13NC,2026-04-07
54467,정민성,삼성 라이온즈,49,2005-05-09,184,98,투수,우투우타,군산중앙초-군산중-군산상일고,3200,8000,24 삼성 4라운드 34순위,24삼성,2026-04-07
50854,최지훈,SSG 랜더스,54,1997-07-23,178,82,외야수,우투좌타,광주수창초-무등중-광주제일고-동국대-SK,37000,8000,20 SK 2차 3라운드 30순위,20SK,2026-04-07
67893,박성한,SSG 랜더스,2,1998-03-30,180,77,내야수,우투좌타,순천북초-여수중-효천고-SK-상무-SK,42000,9000,17 SK 2차 2라운드 16순위,17SK,2026-04-07
51868,고명준,SSG 랜더스,18,2002-07-08,185,94,내야수,우투우타,서원초-세광중-세광고-SK,16000,9000,21 SK 2차 2라운드 18순위,21SK,2026-04-07
54812,정준재,SSG 랜더스,3,2003-01-03,165,68,내야수,우투좌타,상인천초-동인천중-강릉고-동국대(얼리 드래프트),13000,6000,24 SSG 5라운드 50순위,24SSG,2026-04-07
51865,조형우,SSG 랜더스,20,2002-04-04,187,95,포수,우투우타,송정동초-무등중-광주제일고-SK,12500,13000,21 SK 2차 1라운드 8순위,21SK,2026-04-07
53827,에레디아,SSG 랜더스,27,1991-01-31,178,88,외야수,좌투우타,쿠바 Eide Luis Agusto Tursios Lima,800000달러,,23 SSG 자유선발,23SSG,2026-04-07
62895,한유섬,SSG 랜더스,35,1989-08-09,190,105,외야수,우투좌타,중앙초(해운대리틀)-대천중-경남고-경성대-SK-상무-SK,90000,3000,12 SK 9라운드 85순위,12SK,2026-04-07
73211,노경은,SSG 랜더스,38,1984-03-11,187,100,투수,우투우타,화곡초-성남중-성남고-두산-롯데,40000,35000,03 두산 1차,03두산,2026-04-07
53892,이로운,SSG 랜더스,92,2004-09-11,185,105,투수,우투우타,본리초-경복중-대구고,20000,25000,23 SSG 1라운드 5순위,23SSG,2026-04-07
79456,이지영,SSG 랜더스,56,1986-02-27,177,88,포수,우투우타,서화초-인천신흥중-제물포고-경성대-삼성-상무-삼성-키움,20000,,08 삼성 육성선수,09삼성,2026-04-07
68043,김민,SSG 랜더스,1,1999-04-14,185,88,투수,우투우타,인천숭의초-평촌중-유신고-KT-상무-KT,21000,30000,18 KT 1차,18KT,2026-04-07
51897,조병현,SSG 랜더스,19,2002-05-08,182,90,투수,우투우타,온양온천초-온양중-세광고-SK-SSG-상무,25000,7000,21 SK 2차 3라운드 28순위,21SK,2026-04-07
60558,오태곤,SSG 랜더스,37,1991-11-18,186,88,외야수,우투우타,쌍문초-신월중-청원고-롯데-경찰-롯데-KT-SK,50000,9000,10 롯데 3라운드 22순위,10롯데,2026-04-07
50812,박시후,SSG 랜더스,57,2001-05-10,182,88,투수,좌투좌타,상인천초-상인천중-인천고-SK,9500,2000,20 SK 2차 10라운드 100순위,22SSG,2026-04-07
75847,최정,SSG 랜더스,14,1987-02-28,180,90,내야수,우투우타,대일초-평촌중-유신고-SK,220000,30000,05 SK 1차,05SK,2026-04-07
66864,안상현,SSG 랜더스,10,1997-01-27,178,74,내야수,우투우타,사파초-선린중-용마고-SK-상무,7000,8000,16 SK 2차 3라운드 26순위,16SK,2026-04-07
68092,한두솔,SSG 랜더스,34,1997-01-15,177,86,투수,좌투좌타,광주수창초-진흥중-광주제일고-일본 오사카 리세이샤 전문대학-KT,9500,,18 KT 육성선수,18KT,2026-04-07
68856,최민준,SSG 랜더스,30,1999-06-11,178,83,투수,우투우타,부산수영초-경남중-경남고-SK-상무-SK,13000,10000,18 SK 2차 2라운드 15순위,18SK,2026-04-07
76802,김성현,SSG 랜더스,6,1987-03-09,172,72,내야수,우투우타,송정동초-충장중-광주제일고-SK-상무-SK,25000,7000,06 SK 2차 3라운드 20순위,06SK,2026-04-07
51867,김건우,SSG 랜더스,39,2002-07-12,186,88,투수,좌투좌타,가현초(인천서구리틀)-동산중-제물포고-SK-SSG-상무,6500,20000,21 SK 1차,21SK,2026-04-07
52809,전영준,SSG 랜더스,28,2002-04-16,190,100,투수,우투우타,부곡초-휘문중-대구고-SSG-상무,7000,3000,22 SSG 2차 9라운드 82순위,22SSG,2026-04-07
68868,최준우,SSG 랜더스,7,1999-03-25,175,78,외야수,우투좌타,방배초-대치중-장충고-SK-상무,6500,7000,18 SK 2차 4라운드 35순위,18SK,2026-04-07
62934,김성욱,SSG 랜더스,31,1993-05-01,181,83,외야수,우투우타,광주서림초-충장중-진흥고-NC-상무-NC,10000,7000,12 NC 3라운드 32순위,12NC,2026-04-07
66917,김찬형,SSG 랜더스,5,1997-12-29,182,83,내야수,우투우타,양정초-경남중-경남고-NC-SSG-상무-SSG,3200,5000,16 NC 2차 6라운드 53순위,16NC,2026-04-07
54833,앤더슨,SSG 랜더스,33,1994-03-22,194,83,투수,우투우타,미국 Galena(고)-SSG,1150000달러,,24 SSG 자유선발,24SSG,2026-04-07
77829,김광현,SSG 랜더스,29,1988-07-22,188,88,투수,좌투좌타,덕성초(안산리틀)-안산중앙중-안산공고-SK-세인트루이스,150000,50000,07 SK 1차,07SK,2026-04-07
65343,김택형,SSG 랜더스,43,1996-10-10,185,90,투수,좌투좌타,창영초-재능중-동산고-히어로즈-SK-SSG-상무,15000,10000,15 넥센 2차 2라운드 18순위,15넥센,2026-04-07
55855,화이트,SSG 랜더스,55,1994-12-28,190,95,투수,우투우타,미국 Santa Clara(대),800000달러,,25 SSG 자유선발,25SSG,2026-04-07
62869,문승원,SSG 랜더스,42,1989-11-28,180,88,투수,우투우타,가동초-배명중-배명고-고려대-SK-상무-SK,80000,18000,12 SK 1라운드 8순위,12SK,2026-04-07
66662,신범수,SSG 랜더스,25,1998-01-25,177,83,포수,우투좌타,광주대성초-광주동성중-광주동성고-KIA,4000,4000,16 KIA 2차 8라운드 78순위,16KIA,2026-04-07
53898,송영진,SSG 랜더스,90,2004-05-28,185,90,투수,우투양타,대전유천초-한밭중-대전고,6000,15000,23 SSG 2라운드 15순위,23SSG,2026-04-07
52804,석정우,SSG 랜더스,52,1999-01-20,180,82,내야수,우투우타,동일중앙초-경남중-경남고-연세대,3500,,22 SSG 육성선수,22SSG,2026-04-07
69804,채현우,SSG 랜더스,15,1995-11-21,182,80,외야수,우투우타,칠성초-경복중-대구상원고-송원대-SK,3500,3000,19 SK 2차 8라운드 76순위,19SK,2026-04-07
54802,박기호,SSG 랜더스,66,2005-07-26,184,80,투수,우투우타,샛별초(청주시리틀)-현도중-청주고,5000,9000,24 SSG 3라운드 30순위,24SSG,2026-04-07
54805,박지환,SSG 랜더스,93,2005-07-12,183,75,외야수,우투우타,군산남초-군산중-세광고,4700,20000,24 SSG 1라운드 10순위,24SSG,2026-04-07
68805,최상민,SSG 랜더스,,1999-08-20,178,75,외야수,좌투좌타,석교초-청주중-북일고-SSG,3200,,18 SK 육성선수,22SSG,2026-04-07
54803,최현석,상무,21,2003-10-16,185,90,투수,우투우타,서흥초-동산중-동산고-부산과학기술대-SSG-상무,3000,7000,24 SSG 4라운드 40순위,24SSG,2026-04-07
66858,정동윤,SSG 랜더스,51,1997-10-22,193,103,투수,우투좌타,덕성초(안산리틀)-중앙중-야탑고-SK-상무-SK,3300,20000,16 SK 1차,16SK,2026-04-07
69813,하재훈,SSG 랜더스,13,1990-10-29,182,90,외야수,우투우타,양덕초-마산동중-용마고-SK,6000,,19 SK 2차 2라운드 16순위,09시카고컵스,2026-04-07
50840,현원회,SSG 랜더스,8,2001-07-08,180,95,내야수,우투우타,가동초-경상중-대구고-SK,3400,7000,20 SK 2차 4라운드 40순위,20SK,2026-04-07
55844,맥브룸,SSG 랜더스,,1992-04-09,190,99,외야수,좌투우타,미국 West Virginia(대)-SSG,75000달러,,25 SSG 부상 대체 외국인선수,25SSG,2026-04-07
67900,김수윤,SSG 랜더스,5,1998-07-16,180,83,내야수,우투우타,김해삼성초-개성중-부산고-NC,3200,4000,17 NC 2차 7라운드 68순위,17NC,2026-04-07
55832,이율예,SSG 랜더스,00,2006-11-21,183,90,포수,우투우타,중리초(함안리틀)-원동중-강릉고,3200,22000,25 SSG 1라운드 8순위,25SSG,2026-04-07
60841,박종훈,SSG 랜더스,50,1991-08-13,186,90,투수,우언우타,군산중앙초-군산중-군산상고-SK-상무-SK,110000,10000,10 SK 2라운드 9순위,10SK,2026-04-07
55897,홍대인,SSG 랜더스,97,2001-11-23,174,76,내야수,우투좌타,서원초-세광중-세광고-사이버한국외대(얼리 드래프트),3100,3000,25 SSG 9라운드 88순위,25SSG,2026-04-07
50848,김성민,SSG 랜더스,11,2001-04-30,185,97,투수,우투우타,서울학동초-자양중-경기고-SK,3000,10000,20 SK 2차 2라운드 20순위,20SK,2026-04-07
69825,김창평,SSG 랜더스,64,2000-06-14,185,85,외야수,우투좌타,학강초-무등중-광주제일고-SK,3100,15000,19 SK 2차 1라운드 6순위,19SK,2026-04-07
52803,김태윤,SSG 랜더스,36,2003-02-28,170,65,내야수,우투좌타,창우초(하남시리틀)-배명중-배명고,3200,4000,22 SSG 2차 7라운드 62순위,25SSG,2026-04-07
50868,류효승,SSG 랜더스,45,1996-07-16,190,100,외야수,우투우타,칠성초-경상중-대구상원고-성균관대-SK,4500,5000,20 SK 2차 6라운드 60순위,20SK,2026-04-07
61895,서진용,SSG 랜더스,22,1992-10-02,184,88,투수,우투우타,남부민초-대동중-경남고-상무-SK,18000,,11 SK 1라운드 7순위,13상무,2026-04-07
52807,임근우,SSG 랜더스,63,1999-07-22,180,88,외야수,우투우타,서울도곡초-휘문중-휘문고-홍익대,3100,,22 SSG 육성선수,25SSG,2026-04-07
55860,신지환,SSG 랜더스,60,2006-04-17,180,81,투수,좌투좌타,강남초-성남중-성남고,3000,12000,25 SSG 2라운드 18순위,25SSG,2026-04-07
67807,이정범,SSG 랜더스,33,1998-04-10,178,88,외야수,좌투좌타,인천숭의초-동인천중-인천고,3200,6000,17 SK 2차 5라운드 46순위,21SSG,2026-04-07
54815,정현승,상무,17,2001-10-24,180,80,외야수,좌투좌타,현산초-부천중-덕수고-인하대-SSG-상무,3000,5000,24 SSG 6라운드 60순위,24SSG,2026-04-07
66838,김동엽,울산 웨일즈,20,1990-07-24,186,101,외야수,우투우타,천안남산초-천안북중-북일고-SK-삼성-키움,3000,,16 SK 2차 9라운드 86순위,09시카고컵스,2026-04-07
62558,김준태,LG 트윈스,44,1994-07-31,175,91,포수,우투좌타,양정초-개성중-경남고-(영남사이버대)-롯데-상무-롯데-KT,6000,,12 롯데 육성선수,13롯데,2026-04-07
54567,강성우,상무,51,2005-04-12,182,77,내야수,우투우타,대전유천초-한밭중-청주고-롯데-상무,3100,7000,24 롯데 5라운드 43순위,24롯데,2026-04-07
69980,김범준,NC 다이노스,115,2000-04-20,183,90,외야수,우투우타,울산대현초-제일중-대구고,3000,6000,19 NC 2차 5라운드 47순위,24NC,2026-04-07
54460,김호진,상무,53,2005-07-16,183,84,내야수,우투우타,송정동초-충장중-진흥고-삼성-상무,3250,6000,24 삼성 6라운드 54순위,24삼성,2026-04-07
55435,차승준,삼성 라이온즈,35,2006-11-20,181,88,내야수,우투좌타,무학초-창원신월중-용마고,3000,12000,25 삼성 3라운드 23순위,25삼성,2026-04-07
54806,이승민,SSG 랜더스,9,2005-01-06,187,90,외야수,좌투좌타,서울도곡초-휘문중-휘문고,3000,13000,24 SSG 2라운드 20순위,24SSG,2026-04-07
71837,김강민,SSG 랜더스,,1982-09-13,182,87,외야수,우투우타,본리초-대구중-경북고-SK-SSG-한화-SSG,11000,11000,01 SK 2차 2라운드 18순위,01SK,2026-04-07
